name,class,priority,current_status,parameter_used,reason,source
Passive leak,Passive,10,ALREADY_PRESENT,"e_pas=-72.8 mV, g_pas=3.7855e-6 S/cm2 (fitted to Luz 2014 Rin)",Core (priority 10); fitted from the same-dataset PN passive physiology target.,NeuroMorpho L796-ALT-PN; Luz 2014 (PMC3979609)
Fast transient Na,Voltage-gated Na,10,ALREADY_PRESENT,"B_Na: AIS scale x1.45 (base 3.45 S/cm2), soma+proximal dend 0.04 S/cm2",Core (priority 10); AIS/axon-dominant + somatic/proximal-dendrite addition to fix the electrotonic-echo defect found during single-cell validation.,Rat dorsal-horn AIS-dominant fast Na (PMC1159869)
Delayed-rectifier K,Voltage-gated K,10,ALREADY_PRESENT,"KDR: AIS base 0.076 S/cm2, soma base 0.001075 S/cm2, dend base 0.036 S/cm2, all x2.0 scale",Core (priority 10); fitted jointly with NaT for AP repolarization/half-width.,PMC1664848; PMC3979609
AMPA,Ligand-gated,10,ALREADY_PRESENT,"AMPA_DynSyn: tau_rise=0.5 ms, tau_decay=2.5 ms, e=0 mV; weight calibrated to ~2 mV unitary EPSP",Core for synapses (priority 10).,PMC1464766
NMDA,Ligand-gated,9,ALREADY_PRESENT,"NMDA_DynSyn: tau_rise=5 ms, tau_decay=70 ms, e=0 mV, Jahr&Stevens Mg-block; NMDA:AMPA weight ratio 0.5",Core for pain-circuit synapses (priority 9).,PMC1464766; PMC3923208
GABA_A,Ligand-gated,9,ALREADY_PRESENT,"GABAa_DynSyn: tau_rise=1 ms, tau_decay=20 ms; weight calibrated to ~2 mV IPSP",Core for inhibitory circuit (priority 9).,PMC1464766; PMC6782499
Glycine receptor,Ligand-gated,9,ALREADY_PRESENT,"Glycine_DynSyn: tau_rise=1 ms, tau_decay=10 ms; weight calibrated to ~2 mV IPSP",Core for inhibitory circuit (priority 9).,PMC1464766; PMC6782499
Intracellular calcium dynamics,Calcium handling,6,ALREADY_PRESENT,CaIntraCellDyn inserted alongside iCaL/iCaAN/iKCa in soma and dendrites,"Required when fitting KCa/Ca-dependent currents (priority 6); already required as a dependency of iKCa/iCaL/iCaAN, which were carried over from the base model.",PMC/32341097
KCC2/SLC12A5,Chloride transporter,9,ALREADY_PRESENT,Two validated chloride states: ECl=-70 mV (control) and ECl=-55 mV (neuropathic),Decision rule: 'at minimum implement two validated chloride states; dynamic transporter optional.' Satisfied by the normal-vs-neuropathic ECl states already implemented in Part 2 (script 15); no dynamic KCC2 transporter model added.,Coull et al 2003 (PMID 12931188)
A-type K,Voltage-gated K,8,EVALUATED,"B_A: gkbar=0 S/cm2 (evaluated, not added)","Grid search over [0.0, 0.005, 0.01, 0.02, 0.04] S/cm2 found density=0 gives the longest (or tied-longest) first-spike latency among candidates passing the no-regression check -- NaT+KDR alone already reproduce the delayed-onset phenotype within bounds, so A-type K is kept at zero density and documented per its own decision rule, not added as a nonzero conductance.",PMC1664848
NK1/TACR1,Metabotropic receptor,8,ADDED_NOW,"NK1_DynSyn at soma(0.5): weight=0.1000 nS (calibrated for ~4.0 mV depolarization, achieved 7.42 mV); tau_rise=10 ms, tau_decay=5000 ms (mechanism defaults); e=0 mV",ASSUMPTION: L796 treated as NK1-positive. Weight calibrated to a modest ~4.0 mV slow depolarization (7.42 mV achieved). Rheobase without SP input: 30 pA; with SP input: 25 pA -- SP/NK1 activation lowers rheobase / promotes firing; setting weight=0 (antagonist analogy) removes the depolarization entirely.,PMC6757649
T-type Ca,Voltage-gated Ca,7,DEFERRED,n/a (not implemented),"No rebound burst/low-threshold depolarization above resting baseline was observed (peak-above-baseline during recovery = 0.22 mV, spike=False; the membrane recovers passively and monotonically toward rest -- settled value -72.28 mV vs baseline -72.43 mV -- with no active overshoot at any point) after a hyperpolarizing step, and this is not a stated project target. Per the decision rule ('add only for measured low-threshold burst/rebound/current'), T-type Ca is DEFERRED. Independently, no vetted T-type Ca .mod file is available in external/SDHmodel/mods.",PMC1664848; PMID 33871884
Persistent Na,Voltage-gated Na,4,FLAGGED_OVERINCLUDED,iNaP: soma base 0.0001 S/cm2 x1.0 scale,"FLAG: recommended_status='Later' (priority 4); decision rule says do NOT add for ordinary tonic firing unless a measured persistent inward current (PIC)/ramp-hysteresis target exists -- none does for L796. Present only because it was carried over unchanged from the ModelDB 267056 base model during earlier single-cell tuning, not because the evidence table justifies it. Left in place (removing it would require re-validating the whole single-cell fit) but explicitly flagged as over-inclusion.",No L796-specific PIC evidence in the evidence table
L-type Ca,Voltage-gated Ca,4,FLAGGED_OVERINCLUDED,"iCaL: soma base 0.0001 S/cm2 x1.25, dend base 3e-05 S/cm2 x1.25","FLAG: recommended_status='Conditional-low' (priority 4); decision rule says do not add unless a sustained Ca/plateau target exists -- none does for L796. Present only because it was carried over unchanged from the ModelDB 267056 base model, not because the evidence table justifies it. Left in place for the same reason as persistent Na above.","PMID 2482353 (labelled ascending dorsal-horn cells, not L796-specific)"
SK-type KCa,Calcium-activated K,5,DEFERRED,n/a,DEFER: decision rule 'add only if Ca-coupled medium AHP/adaptation remains missing.' iKCa is already present and functionally covers Ca-activated K/AHP; no apamin-sensitive current evidence specific to L796.,No direct L796 apamin evidence (evidence_level D)
BK-type KCa,Calcium-activated K,4,DEFERRED,n/a,DEFER: decision rule 'add only with fast-AHP/spike-width evidence.' No such evidence for L796; iKCa already functionally covers Ca-K currents.,No direct L796 blocker evidence (evidence_level D)
N-type Ca,Voltage-gated Ca,5,DEFERRED,n/a,DEFER: decision rule 'add when calcium or presynaptic release is explicitly modeled' -- this project does not explicitly model presynaptic Ca-dependent release.,PMID 2482353; PMID 32341097
P/Q/R-type Ca,Voltage-gated Ca,3,DEFERRED,n/a,"DEFER ('Later'): decision rule 'add only with subtype-specific evidence or explicit terminal model' -- not resolved for L796, no terminal model here.",PMID 32341097
HCN/Ih,Voltage-gated (cation),4,DEFERRED,n/a,DEFER ('Later'): decision rule 'add only for measured sag/rebound/resonance' -- no L796-specific sag evidence.,"PMC8208100 (mouse lamina-I spinobulbar subset, not L796)"
M current/KCNQ,Voltage-gated K,3,DEFERRED,n/a,DEFER ('Do not add now'): decision rule 'add only after a discriminating pharmacological feature' -- none identified for L796.,No direct identified-L796 functional evidence
NALCN,Modulator-gated Na leak,6,DEFERRED,n/a,"DEFER: decision rule 'add only as part of a validated SP/NK1 model.' The NK1 addition in this pass uses NK1_DynSyn's own built-in nonspecific cation current directly, not a separate NALCN-mediated pathway, so this dependency is not triggered.",PMC6095712 (neonatal spinal PNs)
GABA_B plus GIRK,Metabotropic/effector,5,DEFERRED,n/a,"DEFER ('Later'): decision rule 'add after fast inhibition is validated and if slow modulation is studied.' Fast inhibition (GABA-A/glycine) is validated, but slow modulation is not a current project target.",PMC6053268
Kainate receptor,Ligand-gated,3,DEFERRED,n/a,DEFER ('Do not add now'): decision rule 'add only after AMPA-separated residual current is demonstrated' -- not demonstrated for L796.,PMC1464766 (AMPA/kainate not pharmacologically separated in older recordings)
P2X/5-HT3/nicotinic,Ligand-gated,1,DEFERRED,n/a,"DEFER ('Do not add now'): decision rule 'require a specified anatomical input and functional response' -- none specified. (An nAChR-like Exp2Syn PROXY already exists from Part 1 for a different, receptor-addition purpose; P2X and 5-HT3 remain fully unimplemented, consistent with that earlier work.)",No exact L796 requirement established (evidence_level D)
