grid,soma_BNa,KDR_scale,valid,reject_reason,RMP_mV,Rin_GOhm,rheobase_pA,overshoot_mV,half_width_ms,amplitude_mV,total_ap_error,overshoot_err,half_width_err,amplitude_err
primary,0.05,0.5,True,,-72.39300279373819,0.8937058035177927,20,30.665687713849422,1.9499999999982265,73.26269919585178,3.02662750854741,0.026627508553976897,2.999999999993433,0.0
primary,0.05,0.7,True,,-72.39496598751732,0.8935289410067867,20,30.352489406289237,1.799999999998363,72.69374328309104,2.458544020689952,0.014099576251569488,2.4444444444383824,0.0
primary,0.05,0.9,True,,-72.39692723629314,0.8933522389306902,20,29.992414395213242,1.6749999999984766,72.40982515677558,1.9814814814758404,0.0,1.9814814814758404,0.0
primary,0.1,0.5,True,,-72.25748058323694,0.9039948248563021,20,41.756335746440655,1.7249999999984311,86.30920043395352,3.675570150762673,0.4702534298576262,2.166666666660857,1.03865005424419
primary,0.1,0.7,True,,-72.25956060354449,0.9038086608833382,20,41.65203986208883,1.5999999999985448,86.24957115675456,3.2009816927761876,0.4660815944835531,1.7037037036983151,1.0311963945943194
primary,0.1,0.9,True,,-72.26163842074635,0.9036226744940421,20,41.54591685655401,1.4999999999986358,86.16686613040292,2.816028273890807,0.46183667426216035,1.3333333333282813,1.0208582663003654
primary,0.2,0.5,True,,-71.96396782666928,0.9262175912328999,20,49.0340172118321,1.6749999999984766,96.93424372965974,5.109622636156592,0.761360688473284,1.9814814814758404,2.3667804662074676
primary,0.2,0.7,True,,-71.96633148084113,0.9260098073655143,20,49.01088150667023,1.524999999998613,97.02282161240785,4.564213887738581,0.7604352602668092,1.42592592592079,2.3778527015509816
primary,0.2,0.9,True,,-71.96869223238399,0.9258022417066286,20,48.973004992087255,1.4749999999986585,96.89290306560318,4.36127382361966,0.7589201996834902,1.240740740735773,2.3616128832003973
primary,0.35,0.5,False,spontaneous firing at 0 pA,-71.44936018055547,0.9646534468370603,0,51.88737470913624,1.6500000000060027,103.02987581501498,5.893118354153444,0.8754949883654496,1.888888888911122,3.128734476876872
primary,0.35,0.7,False,spontaneous firing at 0 pA,-71.45231236092454,0.9644068814883682,0,51.86959703244983,1.5500000000056389,103.01728127586723,5.520462559320801,0.8747838812979932,1.5185185185394041,3.127160159483404
primary,0.35,0.9,False,spontaneous firing at 0 pA,-71.45526043537984,0.9641605350531066,0,51.85748766100952,1.475000000005366,103.06818263943953,5.248563077130937,0.8742995064403809,1.2407407407606157,3.133522829929941
primary,0.5,0.5,False,spontaneous firing at 0 pA,-70.80588132316286,1.0096526607751315,0,53.13863063520466,1.6999999999984539,106.20841508617511,6.525671185248424,0.9255452254081865,2.0740740740683488,3.5260518857718885
primary,0.5,0.7,False,spontaneous firing at 0 pA,-70.80976990934033,1.0093814131404315,0,53.124506649490264,1.5999999999985448,106.14284166839933,6.146539178227842,0.9249802659796106,1.7037037036983151,3.517855208549916
primary,0.5,0.9,False,spontaneous firing at 0 pA,-70.81365139608299,1.0091099244278638,0,53.12243963039021,1.4999999999986358,106.20937261764635,5.784402495749684,0.9248975852156085,1.3333333333282813,3.526171577205794
refinement,0.04,0.9,True,,-72.423182279503,0.8913586241444819,20,25.699368409151433,1.7499999999984084,67.56503256033672,2.563630189211276,0.0,2.2592592592533656,0.30437092995791026
refinement,0.04,1.2,True,,-72.42608792807414,0.8910965014654166,20,24.450927405800332,1.6499999999984993,65.90357090028004,2.4009425263483264,0.0,1.888888888883332,0.5120536374649944
refinement,0.04,1.6,True,,-72.42995555396014,0.8907475489813933,40,28.37162054293336,1.5499999999985903,70.92221097774721,1.5185185185132983,0.0,1.5185185185132983,0.0
refinement,0.04,2.0,True,,-72.43381570783832,0.8903992157422721,40,27.958160871525756,1.4499999999986812,70.2635695740245,1.1481481481432645,0.0,1.1481481481432645,0.0
refinement,0.04,2.5,True,,-72.43863045772251,0.88996466508314,40,27.34740216265006,1.3999999999987267,69.58826545991737,1.0144297804685771,0.0,0.9629629629582478,0.05146681751032922
refinement,0.05,0.9,True,,-72.39692723629314,0.8933522389306902,20,29.992414395213242,1.6749999999984766,72.40982515677558,1.9814814814758404,0.0,1.9814814814758404,0.0
refinement,0.05,1.2,True,,-72.39986547406117,0.8930874857848181,20,29.333042618649166,1.5749999999985675,71.64517261674065,1.6111111111058067,0.0,1.6111111111058067,0.0
refinement,0.05,1.6,True,,-72.40377636596824,0.892735039489277,20,27.83207579022691,1.4749999999986585,69.77420336954793,1.2689653195422812,0.0,1.240740740735773,0.028224578806508305
refinement,0.05,2.0,True,,-72.40767957260914,0.8923832279234191,40,31.948536662874705,1.424999999998704,74.93666482780905,1.1334970220657443,0.0779414665149882,1.055555555550756,0.0
refinement,0.05,2.5,True,,-72.41254783796947,0.8919443512535636,40,31.54407649581316,1.3499999999987722,74.47870119609571,0.8395408376057575,0.061763059832526467,0.777777777773231,0.0
refinement,0.06,0.9,True,,-72.37041063835346,0.8953656767539513,20,33.35030337989134,1.624999999998522,76.24243305666793,1.9303084314864773,0.13401213519565375,1.7962962962908235,0.0
refinement,0.06,1.2,True,,-72.37338222568195,0.8950982420788989,20,32.92346163071612,1.4999999999986358,75.70068172565556,1.450271798556926,0.11693846522864476,1.3333333333282813,0.0
refinement,0.06,1.6,True,,-72.37733739891307,0.8947422335046881,20,32.163188016825,1.3999999999987267,74.77584912835277,1.049490483631248,0.08652752067300014,0.9629629629582478,0.0
refinement,0.06,2.0,True,,-72.38128467516403,0.8943868747288505,20,30.81472007436068,1.3499999999987722,73.15444651940987,0.8103665807476581,0.03258880297442715,0.777777777773231,0.0
refinement,0.06,2.5,True,,-72.38620772891703,0.8939435854049691,40,34.78017688514217,1.2749999999988404,78.21016018237094,0.7174770981977602,0.19120707540568674,0.4999999999957057,0.026270022796367698
