grid,BA_density,KDR_scale,soma_BNa,valid,reject_reason,RMP_mV,Rin_GOhm,rheobase_pA,overshoot_mV,half_width_ms,amplitude_mV,n_ap_targets_failed,total_ap_error,overshoot_err,half_width_err,amplitude_err
approachA_full_axon,0.0,1.0,0.04,True,,-72.42415129980134,0.8912712109306838,20,25.352887731053862,1.7249999999984311,66.98941352081602,2,2.542989976558855,0.0,2.166666666660857,0.3763233098979981
approachA_full_axon,0.0,1.0,0.05,True,,-72.39790713294498,0.8932639479346136,20,29.7980773907485,1.6499999999984993,72.24318904851742,1,1.888888888883332,0.0,1.888888888883332,0.0
approachA_full_axon,0.0,1.0,0.06,True,,-72.37140166470272,0.8952764909834159,20,33.22601236593174,1.5749999999985675,76.1733682086186,2,1.7401516057430761,0.1290404946372695,1.6111111111058067,0.0
approachA_full_axon,0.0,1.5,0.04,True,,-72.42898934965604,0.8908347289223684,40,28.46665669037329,1.5749999999985675,71.06176698456227,1,1.6111111111058067,0.0,1.6111111111058067,0.0
approachA_full_axon,0.0,1.5,0.05,True,,-72.40279936513517,0.8928230914347466,20,28.338347591702874,1.4749999999986585,70.29143885300958,1,1.240740740735773,0.0,1.240740740735773,0.0
approachA_full_axon,0.0,1.5,0.06,True,,-72.37634934757358,0.8948311746113319,20,32.381650608493096,1.424999999998704,75.04716437956921,2,1.15082157989048,0.09526602433972385,1.055555555550756,0.0
approachA_full_axon,0.0,2.0,0.04,True,,-72.43381570783832,0.8903992157422721,40,27.958160871525756,1.4499999999986812,70.2635695740245,1,1.1481481481432645,0.0,1.1481481481432645,0.0
approachA_full_axon,0.0,2.0,0.05,True,,-72.40767957260914,0.8923832279234191,40,31.948536662874705,1.424999999998704,74.93666482780905,2,1.1334970220657443,0.0779414665149882,1.055555555550756,0.0
approachA_full_axon,0.0,2.0,0.06,True,,-72.38128467516403,0.8943868747288505,20,30.81472007436068,1.3499999999987722,73.15444651940987,2,0.8103665807476581,0.03258880297442715,0.777777777773231,0.0
approachA_full_axon,0.005,1.0,0.04,False,"rheobase 80 outside (20.0, 60.0)",-72.46887260712373,0.8871414559693832,80,24.16748051401279,1.5749999999985675,65.89222721246246,2,2.124582709547999,0.0,1.6111111111058067,0.5134715984421927
approachA_full_axon,0.005,1.0,0.05,True,,-72.44322768308,0.889082556260469,60,22.48165929952838,1.5750000000057298,63.08109382898886,2,2.475974382508726,0.0,1.6111111111323335,0.8648632713763922
approachA_full_axon,0.005,1.0,0.06,True,,-72.41733333257058,0.891042604657774,60,30.004532981209557,1.4749999999986585,72.16988370379781,2,1.2409220599841553,0.0001813192483822945,1.240740740735773,0.0
approachA_full_axon,0.005,1.5,0.04,False,"rheobase nan outside (20.0, 60.0)",-72.47359260096678,0.8867152005141321,nan,nan,nan,nan,3,3.0,1.0,1.0,1.0
approachA_full_axon,0.005,1.5,0.05,False,"rheobase 80 outside (20.0, 60.0)",-72.44799888871202,0.8886521507324886,80,30.292445943264912,1.424999999998704,72.97542831546403,2,1.0672533932813526,0.01169783773059649,1.055555555550756,0.0
approachA_full_axon,0.005,1.5,0.06,False,"rheobase 80 outside (20.0, 60.0)",-72.42215697341152,0.8906079646896472,80,34.485503704502534,1.3499999999987722,77.90050913041654,2,0.9571979259533323,0.17942014818010135,0.777777777773231,0.0
approachA_full_axon,0.005,2.0,0.04,False,"rheobase nan outside (20.0, 60.0)",-72.47830161986326,0.886289858306742,nan,nan,nan,nan,3,3.0,1.0,1.0,1.0
approachA_full_axon,0.005,2.0,0.05,False,"rheobase 80 outside (20.0, 60.0)",-72.45275879608148,0.888222682294375,80,29.61687233044882,1.324999999998795,72.04245822287403,1,0.6851851851807226,0.0,0.6851851851807226,0.0
approachA_full_axon,0.005,2.0,0.06,False,"rheobase 80 outside (20.0, 60.0)",-72.42696898836758,0.8901742858230491,80,34.20606048408215,1.2999999999988177,77.36151816554087,2,0.7608350119515002,0.16824241936328604,0.5925925925882141,0.0
approachA_full_axon,0.01,1.0,0.04,False,"rheobase nan outside (20.0, 60.0)",-72.51233329201625,0.8831248341715181,nan,nan,nan,nan,3,3.0,1.0,1.0,1.0
approachA_full_axon,0.01,1.0,0.05,False,"rheobase nan outside (20.0, 60.0)",-72.4872595056186,0.8850165242783461,nan,nan,nan,nan,3,3.0,1.0,1.0,1.0
approachA_full_axon,0.01,1.0,0.06,False,"rheobase nan outside (20.0, 60.0)",-72.46194725322694,0.8869263634500115,nan,nan,nan,nan,3,3.0,1.0,1.0,1.0
approachA_full_axon,0.01,1.5,0.04,False,"rheobase nan outside (20.0, 60.0)",-72.51694162923583,0.8827082945851416,nan,nan,nan,nan,3,3.0,1.0,1.0,1.0
approachA_full_axon,0.01,1.5,0.05,False,"rheobase nan outside (20.0, 60.0)",-72.49191631307345,0.8845960418836256,nan,nan,nan,nan,3,3.0,1.0,1.0,1.0
approachA_full_axon,0.01,1.5,0.06,False,"rheobase nan outside (20.0, 60.0)",-72.46665363461841,0.8865018635157057,nan,nan,nan,nan,3,3.0,1.0,1.0,1.0
approachA_full_axon,0.01,2.0,0.04,False,"rheobase nan outside (20.0, 60.0)",-72.52153962778914,0.8822926198730116,nan,nan,nan,nan,3,3.0,1.0,1.0,1.0
approachA_full_axon,0.01,2.0,0.05,False,"rheobase nan outside (20.0, 60.0)",-72.49656251044662,0.8841764432561874,nan,nan,nan,nan,3,3.0,1.0,1.0,1.0
approachA_full_axon,0.01,2.0,0.06,False,"rheobase nan outside (20.0, 60.0)",-72.47134909863667,0.8860782698211154,nan,nan,nan,nan,3,3.0,1.0,1.0,1.0
approachA_full_axon,0.02,1.0,0.04,False,"rheobase nan outside (20.0, 60.0)",-72.59571362991029,0.8754109324301738,nan,nan,nan,nan,3,3.0,1.0,1.0,1.0
approachA_full_axon,0.02,1.0,0.05,False,"rheobase nan outside (20.0, 60.0)",-72.57170692502073,0.8772098178378428,nan,nan,nan,nan,3,3.0,1.0,1.0,1.0
approachA_full_axon,0.02,1.0,0.06,False,"rheobase nan outside (20.0, 60.0)",-72.54748097239116,0.8790254318084948,nan,nan,nan,nan,3,3.0,1.0,1.0,1.0
approachA_full_axon,0.02,1.5,0.04,False,"rheobase nan outside (20.0, 60.0)",-72.60011436571558,0.875012592575402,nan,nan,nan,nan,3,3.0,1.0,1.0,1.0
approachA_full_axon,0.02,1.5,0.05,False,"rheobase nan outside (20.0, 60.0)",-72.57615200099518,0.8768078357255362,nan,nan,nan,nan,3,3.0,1.0,1.0,1.0
approachA_full_axon,0.02,1.5,0.06,False,"rheobase nan outside (20.0, 60.0)",-72.5519710955092,0.8786197625008327,nan,nan,nan,nan,3,3.0,1.0,1.0,1.0
approachA_full_axon,0.02,2.0,0.04,False,"rheobase nan outside (20.0, 60.0)",-72.60450560579581,0.8746150574123476,nan,nan,nan,nan,3,3.0,1.0,1.0,1.0
approachA_full_axon,0.02,2.0,0.05,False,"rheobase nan outside (20.0, 60.0)",-72.58058742717682,0.876406668366964,nan,nan,nan,nan,3,3.0,1.0,1.0,1.0
approachA_full_axon,0.02,2.0,0.06,False,"rheobase nan outside (20.0, 60.0)",-72.55645141141098,0.8782149183528972,nan,nan,nan,nan,3,3.0,1.0,1.0,1.0
approachA_full_axon,0.04,1.0,0.04,False,"rheobase nan outside (20.0, 60.0)",-72.74978587274542,0.8611351387568462,nan,nan,nan,nan,3,3.0,1.0,1.0,1.0
approachA_full_axon,0.04,1.0,0.05,False,"rheobase nan outside (20.0, 60.0)",-72.72765138691516,0.8627699213836962,nan,nan,nan,nan,3,3.0,1.0,1.0,1.0
approachA_full_axon,0.04,1.0,0.06,False,"rheobase nan outside (20.0, 60.0)",-72.70533040344522,0.8644189285116411,nan,nan,nan,nan,3,3.0,1.0,1.0,1.0
approachA_full_axon,0.04,1.5,0.04,False,"rheobase nan outside (20.0, 60.0)",-72.7538221147156,0.8607690890130726,nan,nan,nan,nan,3,3.0,1.0,1.0,1.0
approachA_full_axon,0.04,1.5,0.05,False,"rheobase nan outside (20.0, 60.0)",-72.73172540868933,0.8624007309707196,nan,nan,nan,nan,3,3.0,1.0,1.0,1.0
approachA_full_axon,0.04,1.5,0.06,False,"rheobase nan outside (20.0, 60.0)",-72.70944275687953,0.8640465609920142,nan,nan,nan,nan,3,3.0,1.0,1.0,1.0
approachA_full_axon,0.04,2.0,0.04,False,"rheobase nan outside (20.0, 60.0)",-72.75785021190052,0.8604037404186926,nan,nan,nan,nan,3,3.0,1.0,1.0,1.0
approachA_full_axon,0.04,2.0,0.05,False,"rheobase nan outside (20.0, 60.0)",-72.73579116404882,0.862032250108902,nan,nan,nan,nan,3,3.0,1.0,1.0,1.0
approachA_full_axon,0.04,2.0,0.06,False,"rheobase nan outside (20.0, 60.0)",-72.71354671979496,0.8636749115088606,nan,nan,nan,nan,3,3.0,1.0,1.0,1.0
approachA_full_axon,0.08,1.0,0.04,False,"rheobase nan outside (20.0, 60.0)",-73.01661426524504,0.8363728675230305,nan,nan,nan,nan,3,3.0,1.0,1.0,1.0
approachA_full_axon,0.08,1.0,0.05,False,"rheobase nan outside (20.0, 60.0)",-72.99737108042292,0.8377516910570094,nan,nan,nan,nan,3,3.0,1.0,1.0,1.0
approachA_full_axon,0.08,1.0,0.06,False,"rheobase nan outside (20.0, 60.0)",-72.97802916228089,0.8391371502720787,nan,nan,nan,nan,3,3.0,1.0,1.0,1.0
approachA_full_axon,0.08,1.5,0.04,False,"rheobase nan outside (20.0, 60.0)",-73.0200897170457,0.8360571815307267,nan,nan,nan,nan,3,3.0,1.0,1.0,1.0
approachA_full_axon,0.08,1.5,0.05,False,"rheobase nan outside (20.0, 60.0)",-73.00086742149179,0.8374343390413174,nan,nan,nan,nan,3,3.0,1.0,1.0,1.0
approachA_full_axon,0.08,1.5,0.06,False,"rheobase nan outside (20.0, 60.0)",-72.98154788033828,0.8388179724767071,nan,nan,nan,nan,3,3.0,1.0,1.0,1.0
approachA_full_axon,0.08,2.0,0.04,False,"rheobase nan outside (20.0, 60.0)",-73.02356015291468,0.8357419244157669,nan,nan,nan,nan,3,3.0,1.0,1.0,1.0
approachA_full_axon,0.08,2.0,0.05,False,"rheobase nan outside (20.0, 60.0)",-73.0043587870909,0.8371174123814299,nan,nan,nan,nan,3,3.0,1.0,1.0,1.0
approachA_full_axon,0.08,2.0,0.06,False,"rheobase nan outside (20.0, 60.0)",-72.98506107039533,0.8384992786854056,nan,nan,nan,nan,3,3.0,1.0,1.0,1.0
approachB_reduced_axon,0.0,1.0,0.04,True,,-72.425959458598,0.7749591979319732,20,25.529799128060173,1.7249999999984311,67.30006253760386,2,2.504158849460374,0.0,2.166666666660857,0.337492182799517
approachB_reduced_axon,0.0,1.0,0.05,True,,-72.39977368204087,0.7769985430956894,20,30.044769397500804,1.6499999999984993,72.27381745792312,2,1.8906796647833641,0.0017907759000321732,1.888888888883332,0.0
approachB_reduced_axon,0.0,1.0,0.06,True,,-72.37332090969421,0.7790607426604993,20,33.497500304130746,1.5749999999985675,76.50387259438571,2,1.7510111232710366,0.13990001216522985,1.6111111111058067,0.0
approachB_reduced_axon,0.0,1.5,0.04,True,,-72.43077148865784,0.7745095218024091,40,28.945968774101726,1.5749999999985675,71.55927830627786,1,1.6111111111058067,0.0,1.6111111111058067,0.0
approachB_reduced_axon,0.0,1.5,0.05,True,,-72.40464103666973,0.7765438456407097,20,28.372969095459894,1.4749999999986585,70.38953624980545,1,1.240740740735773,0.0,1.240740740735773,0.0
approachB_reduced_axon,0.0,1.5,0.06,True,,-72.37824492175403,0.7786009095927782,20,32.59295855329057,1.424999999998704,75.34375197475481,2,1.1592738976823789,0.10371834213162287,1.055555555550756,0.0
approachB_reduced_axon,0.0,2.0,0.04,True,,-72.43557162561116,0.7740609474400543,40,28.45684804896875,1.4749999999986585,70.94541819488919,1,1.240740740735773,0.0,1.240740740735773,0.0
approachB_reduced_axon,0.0,2.0,0.05,True,,-72.40949614828985,0.7760902809727781,40,32.39332980018821,1.3999999999987267,75.52543538803539,2,1.0586961549657763,0.09573319200752849,0.9629629629582478,0.0
approachB_reduced_axon,0.0,2.0,0.06,True,,-72.38315634462695,0.7781422397775003,20,30.660959818751973,1.3499999999987722,72.94270077670296,2,0.8042161705233098,0.026438392750078917,0.777777777773231,0.0
approachB_reduced_axon,0.005,1.0,0.04,False,"rheobase 80 outside (20.0, 60.0)",-72.47062148628044,0.7707118150222498,80,25.388420958822167,1.5499999999985903,67.23975650244458,2,1.863548955707726,0.0,1.5185185185132983,0.3450304371944277
approachB_reduced_axon,0.005,1.0,0.05,True,,-72.44504891137017,0.7726937641274645,60,23.536033981711892,1.5750000000057298,64.25683701531148,2,2.3290064842183993,0.0,1.6111111111323335,0.7178953730860655
approachB_reduced_axon,0.005,1.0,0.06,True,,-72.4192217831099,0.7746974717169095,60,30.66204392342892,1.4749999999986585,73.01932479077762,2,1.2672224976729298,0.02648175693715686,1.240740740735773,0.0
approachB_reduced_axon,0.005,1.5,0.04,False,"rheobase nan outside (20.0, 60.0)",-72.47531293179354,0.7702735236203437,nan,nan,nan,nan,3,3.0,1.0,1.0,1.0
approachB_reduced_axon,0.005,1.5,0.05,False,"rheobase 80 outside (20.0, 60.0)",-72.44979255782494,0.7722507326276997,80,31.089939754359936,1.424999999998704,73.93377801647647,2,1.0991531457251535,0.043597590174397426,1.055555555550756,0.0
approachB_reduced_axon,0.005,1.5,0.06,False,"rheobase 80 outside (20.0, 60.0)",-72.42401891957954,0.7742495887024432,80,35.11419901364732,1.3749999999987494,78.68975478824635,3,1.1611576794424256,0.2045679605458929,0.8703703703657394,0.08621934853079338
approachB_reduced_axon,0.005,2.0,0.04,False,"rheobase nan outside (20.0, 60.0)",-72.47999323809455,0.7698362653072082,nan,nan,nan,nan,3,3.0,1.0,1.0,1.0
approachB_reduced_axon,0.005,2.0,0.05,False,"rheobase 80 outside (20.0, 60.0)",-72.45452472428785,0.771808764597101,80,30.556049753071306,1.3499999999987722,73.26487649049632,2,0.8000197678960832,0.02224199012285226,0.777777777773231,0.0
approachB_reduced_axon,0.005,2.0,0.06,False,"rheobase 80 outside (20.0, 60.0)",-72.42880423114673,0.7738027998370214,80,34.86693457337578,1.2749999999988404,78.30897245738164,3,0.7332989401034422,0.19467738293503117,0.4999999999957057,0.03862155717270532
approachB_reduced_axon,0.01,1.0,0.04,False,"rheobase nan outside (20.0, 60.0)",-72.5139923297248,0.7665881799664718,nan,nan,nan,nan,3,3.0,1.0,1.0,1.0
approachB_reduced_axon,0.01,1.0,0.05,False,"rheobase nan outside (20.0, 60.0)",-72.48900351547807,0.7685154305690987,nan,nan,nan,nan,3,3.0,1.0,1.0,1.0
approachB_reduced_axon,0.01,1.0,0.06,False,"rheobase nan outside (20.0, 60.0)",-72.46377159666564,0.7704634292033077,nan,nan,nan,nan,3,3.0,1.0,1.0,1.0
approachB_reduced_axon,0.01,1.5,0.04,False,"rheobase nan outside (20.0, 60.0)",-72.51856990313524,0.766160655417967,nan,nan,nan,nan,3,3.0,1.0,1.0,1.0
approachB_reduced_axon,0.01,1.5,0.05,False,"rheobase nan outside (20.0, 60.0)",-72.49363042054915,0.7680834240453137,nan,nan,nan,nan,3,3.0,1.0,1.0,1.0
approachB_reduced_axon,0.01,1.5,0.06,False,"rheobase nan outside (20.0, 60.0)",-72.46844898421234,0.7700268421420077,nan,nan,nan,nan,3,3.0,1.0,1.0,1.0
approachB_reduced_axon,0.01,2.0,0.04,False,"rheobase nan outside (20.0, 60.0)",-72.52313699697041,0.765734104413123,nan,nan,nan,nan,3,3.0,1.0,1.0,1.0
approachB_reduced_axon,0.01,2.0,0.05,False,"rheobase nan outside (20.0, 60.0)",-72.49824656827249,0.7676524152133837,nan,nan,nan,nan,3,3.0,1.0,1.0,1.0
approachB_reduced_axon,0.01,2.0,0.06,False,"rheobase nan outside (20.0, 60.0)",-72.47311529182866,0.7695912814177632,nan,nan,nan,nan,3,3.0,1.0,1.0,1.0
approachB_reduced_axon,0.02,1.0,0.04,False,"rheobase nan outside (20.0, 60.0)",-72.59711247348561,0.7586885864736175,nan,nan,nan,nan,3,3.0,1.0,1.0,1.0
approachB_reduced_axon,0.02,1.0,0.05,False,"rheobase nan outside (20.0, 60.0)",-72.57321271576178,0.7605136514116382,nan,nan,nan,nan,3,3.0,1.0,1.0,1.0
approachB_reduced_axon,0.02,1.0,0.06,False,"rheobase nan outside (20.0, 60.0)",-72.54908987961838,0.7623576904680874,nan,nan,nan,nan,3,3.0,1.0,1.0,1.0
approachB_reduced_axon,0.02,1.5,0.04,False,"rheobase nan outside (20.0, 60.0)",-72.60147856528774,0.7582811086031299,nan,nan,nan,nan,3,3.0,1.0,1.0,1.0
approachB_reduced_axon,0.02,1.5,0.05,False,"rheobase nan outside (20.0, 60.0)",-72.57762387960001,0.760102069436843,nan,nan,nan,nan,3,3.0,1.0,1.0,1.0
approachB_reduced_axon,0.02,1.5,0.06,False,"rheobase nan outside (20.0, 60.0)",-72.55354684975283,0.7619419433650009,nan,nan,nan,nan,3,3.0,1.0,1.0,1.0
approachB_reduced_axon,0.02,2.0,0.04,False,"rheobase nan outside (20.0, 60.0)",-72.60583503961453,0.7578745279775532,nan,nan,nan,nan,3,3.0,1.0,1.0,1.0
approachB_reduced_axon,0.02,2.0,0.05,False,"rheobase nan outside (20.0, 60.0)",-72.58202526665163,0.7596913982577916,nan,nan,nan,nan,3,3.0,1.0,1.0,1.0
approachB_reduced_axon,0.02,2.0,0.06,False,"rheobase nan outside (20.0, 60.0)",-72.55799388015592,0.7615271208752873,nan,nan,nan,nan,3,3.0,1.0,1.0,1.0
approachB_reduced_axon,0.04,1.0,0.04,False,"rheobase nan outside (20.0, 60.0)",-72.75040916976796,0.7441348662679743,nan,nan,nan,nan,3,3.0,1.0,1.0,1.0
approachB_reduced_axon,0.04,1.0,0.05,False,"rheobase nan outside (20.0, 60.0)",-72.72841441461837,0.7457808776567134,nan,nan,nan,nan,3,3.0,1.0,1.0,1.0
approachB_reduced_axon,0.04,1.0,0.06,False,"rheobase nan outside (20.0, 60.0)",-72.70623059703378,0.747442819111835,nan,nan,nan,nan,3,3.0,1.0,1.0,1.0
approachB_reduced_axon,0.04,1.5,0.04,False,"rheobase nan outside (20.0, 60.0)",-72.75440499423885,0.7437626088231226,nan,nan,nan,nan,3,3.0,1.0,1.0,1.0
approachB_reduced_axon,0.04,1.5,0.05,False,"rheobase nan outside (20.0, 60.0)",-72.73244851093257,0.7454051286128234,nan,nan,nan,nan,3,3.0,1.0,1.0,1.0
approachB_reduced_axon,0.04,1.5,0.06,False,"rheobase nan outside (20.0, 60.0)",-72.71030353549541,0.7470635305731562,nan,nan,nan,nan,3,3.0,1.0,1.0,1.0
approachB_reduced_axon,0.04,2.0,0.04,False,"rheobase nan outside (20.0, 60.0)",-72.75839259615259,0.7433911224566785,nan,nan,nan,nan,3,3.0,1.0,1.0,1.0
approachB_reduced_axon,0.04,2.0,0.05,False,"rheobase nan outside (20.0, 60.0)",-72.7364742594977,0.7450301614683056,nan,nan,nan,nan,3,3.0,1.0,1.0,1.0
approachB_reduced_axon,0.04,2.0,0.06,False,"rheobase nan outside (20.0, 60.0)",-72.7143679984218,0.7466850349392843,nan,nan,nan,nan,3,3.0,1.0,1.0,1.0
approachB_reduced_axon,0.08,1.0,0.04,False,"rheobase nan outside (20.0, 60.0)",-73.01503566333186,0.7190792896468594,nan,nan,nan,nan,3,3.0,1.0,1.0,1.0
approachB_reduced_axon,0.08,1.0,0.05,False,"rheobase nan outside (20.0, 60.0)",-72.99596944508667,0.7204497776883642,nan,nan,nan,nan,3,3.0,1.0,1.0,1.0
approachB_reduced_axon,0.08,1.0,0.06,False,"rheobase nan outside (20.0, 60.0)",-72.97680638687005,0.7218275292323753,nan,nan,nan,nan,3,3.0,1.0,1.0,1.0
approachB_reduced_axon,0.08,1.5,0.04,False,"rheobase nan outside (20.0, 60.0)",-73.01846469745036,0.7187611745632253,nan,nan,nan,nan,3,3.0,1.0,1.0,1.0
approachB_reduced_axon,0.08,1.5,0.05,False,"rheobase nan outside (20.0, 60.0)",-72.99941885862789,0.7201298663077609,nan,nan,nan,nan,3,3.0,1.0,1.0,1.0
approachB_reduced_axon,0.08,1.5,0.06,False,"rheobase nan outside (20.0, 60.0)",-72.98027826807322,0.7215056074270165,nan,nan,nan,nan,3,3.0,1.0,1.0,1.0
approachB_reduced_axon,0.08,2.0,0.04,False,"rheobase nan outside (20.0, 60.0)",-73.0218887944368,0.7184435191488859,nan,nan,nan,nan,3,3.0,1.0,1.0,1.0
approachB_reduced_axon,0.08,2.0,0.05,False,"rheobase nan outside (20.0, 60.0)",-73.00286339739995,0.7198104085701843,nan,nan,nan,nan,3,3.0,1.0,1.0,1.0
approachB_reduced_axon,0.08,2.0,0.06,False,"rheobase nan outside (20.0, 60.0)",-72.98374444920364,0.7211842236678379,nan,nan,nan,nan,3,3.0,1.0,1.0,1.0
