Parameter,Value,Units,Species,Region,Lamina,Cell identity,Exact reconstructed cell?,Same genetic population?,Population-level?,Different cell class?,Source paper,DOI/PMID,Recording temperature,Experimental protocol,Confidence,Used in model?,Reason,Notes
Morphology,NMO_170087,,mouse,lumbar spinal dorsal horn,II-III,PV+/Pax2+ inhibitory interneuron,Yes,Yes,No,No,NeuroMorpho record linked to Gradwell et al. 2022,10.1097/j.pain.0000000000002422 / PMID 34326298,Not applicable,Brainbow reconstruction in 60-um sagittal sections,SC; high,Yes,Cell-specific geometry,Dendrites moderate; axon incomplete; archive says No Diameter
PV reporter identity,positive,,mouse,lumbar spinal dorsal horn,II-III,PV+/Pax2+ inhibitory interneuron,Yes,Yes,No,No,Gradwell et al. 2022,10.1097/j.pain.0000000000002422 / PMID 34326298,Not applicable,PVCre Brainbow labeling,SC; high,Yes,Defines population mapping,Reporter identity is not a conductance measurement
Pax2 identity,positive,,mouse,lumbar spinal dorsal horn,II-III,PV+/Pax2+ inhibitory interneuron,Yes,Yes,No,No,Gradwell et al. 2022,10.1097/j.pain.0000000000002422 / PMID 34326298,Not applicable,Post hoc Pax2 immunolabeling,SC; high,Yes,Supports inhibitory identity,Exact reconstructed morphology is deposited with Pax2-positive label
Resting membrane potential,-52.79 +/- 1.26,mV,mouse,lumbar spinal dorsal horn,IIi-III,PV-lineage inhibitory interneurons,No,Yes,Yes,No,Ma et al. 2023,10.1523/JNEUROSCI.0426-23.2023 / PMID 37451982,23 C,Whole-cell current clamp; naive cohort,SP/PL; moderate,No,Secondary cohort reference only,Gradwell cohorts did not report RMP; model baseline holding potential is not called RMP
Input resistance,225 +/- 22,MOhm,mouse,lumbar spinal dorsal horn,IIi-III,PV inhibitory interneurons,No,Yes,Yes,No,Gradwell et al. 2022 (aging study),10.3389/fncir.2022.834173 / PMID 35874431,21-24 C,5-mV 10-ms voltage-clamp step from -70 mV; adult cohort,SP/PL; high,Yes,Strongest directly reported adult PV population passive constraint,Whole-cell population mean; not linked to reconstructed cell
Whole-cell capacitance,10.9 +/- 0.6,pF,mouse,lumbar spinal dorsal horn,IIi-III,PV inhibitory interneurons,No,Yes,Yes,No,Gradwell et al. 2022 (aging study),10.3389/fncir.2022.834173 / PMID 35874431,21-24 C,5-mV 10-ms voltage-clamp step from -70 mV; adult cohort,SP/PL; high,Comparison only,Electrode-derived whole-cell capacitance is not identical to geometric total membrane capacitance,Exact-morphology surface with conventional cm predicts a much larger total capacitance
Membrane time constant,Not reported,ms,mouse,lumbar spinal dorsal horn,IIi-III,PV inhibitory interneurons,No,Yes,Yes,No,Gradwell et al. 2022 (aging study),10.3389/fncir.2022.834173 / PMID 35874431,21-24 C,Not reported,SP/PL; unavailable,No,Missing datum is not invented,Model tau is reported as a prediction
Current-clamp holding potential,-60,mV,mouse,lumbar spinal dorsal horn,II-III,PV inhibitory interneurons,No,Yes,Yes,No,Gradwell et al. 2022,10.1097/j.pain.0000000000002422 / PMID 34326298,21-24 C,Current clamp with less than 20-pA bias current,SP/PL; high,Yes,Reproduces experimental baseline,This is not an RMP measurement
Adult firing phenotype,55% tonic; 45% initial bursting,percent,mouse,lumbar spinal dorsal horn,IIi-III,PV inhibitory interneurons,No,Yes,Yes,No,Gradwell et al. 2022 (aging study),10.3389/fncir.2022.834173 / PMID 35874431,21-24 C,800-ms current steps in 20-pA increments every 8 s from -60 mV,SP/PL; high,Yes,Primary active phenotype target,Target is population distribution not an exact-cell label
Rheobase,77 +/- 7,pA,mouse,lumbar spinal dorsal horn,IIi-III,PV inhibitory interneurons,No,Yes,Yes,No,Gradwell et al. 2022 (aging study),10.3389/fncir.2022.834173 / PMID 35874431,21-24 C,800-ms current steps in 20-pA increments from -60 mV,SP/PL; high,Yes,Constrains excitability,Population mean
AP threshold,-34.9 +/- 1.3,mV,mouse,lumbar spinal dorsal horn,IIi-III,PV inhibitory interneurons,No,Yes,Yes,No,Gradwell et al. 2022 (aging study),10.3389/fncir.2022.834173 / PMID 35874431,21-24 C,First AP at rheobase; no 14.7-mV junction-potential correction,SP/PL; high,Yes,Constrains spike initiation,Comparison uses reported uncorrected voltage convention
AP amplitude,44.8 +/- 1.6,mV,mouse,lumbar spinal dorsal horn,IIi-III,PV inhibitory interneurons,No,Yes,Yes,No,Gradwell et al. 2022 (aging study),10.3389/fncir.2022.834173 / PMID 35874431,21-24 C,Peak minus threshold for first AP at rheobase,SP/PL; high,Yes,Constrains sodium/potassium balance,Not peak relative to 0 mV
AP half-width,1.4 +/- 0.1,ms,mouse,lumbar spinal dorsal horn,IIi-III,PV inhibitory interneurons,No,Yes,Yes,No,Gradwell et al. 2022 (aging study),10.3389/fncir.2022.834173 / PMID 35874431,21-24 C,First AP at rheobase measured at half amplitude,SP/PL; high,Yes,Constrains spike kinetics,Population mean
AHP amplitude,-17.6 +/- 1.6,mV,mouse,lumbar spinal dorsal horn,IIi-III,PV inhibitory interneurons,No,Yes,Yes,No,Gradwell et al. 2022 (aging study),10.3389/fncir.2022.834173 / PMID 35874431,21-24 C,AHP relative to AP threshold,SP/PL; high,Yes,Diagnostic active observable,Sign follows source convention
AHP half-width,28.9 +/- 6.9,ms,mouse,lumbar spinal dorsal horn,IIi-III,PV inhibitory interneurons,No,Yes,Yes,No,Gradwell et al. 2022 (aging study),10.3389/fncir.2022.834173 / PMID 35874431,21-24 C,First AP at rheobase,SP/PL; high,Comparison only,Minimal Na/KDR model may not reproduce slow AHP,Failure can justify a later additional mechanism
Axial resistivity,150,ohm cm,mouse,lumbar spinal dorsal horn,II-III,model parameter,No,No,No,No,None,A,Not applicable,Restrained passive sweep,A; low,Yes,Numerical/cable parameter; selected by constrained grid,Not experimentally measured in the source cell
Specific capacitance,0.5,uF/cm2,mouse,lumbar spinal dorsal horn,II-III,model parameter,No,No,No,No,None,A/F,Not applicable,Restrained passive sweep,A/F; low,Yes,Lower boundary of restrained range minimized capacitance mismatch,Equivalent capacitance remains 35.23 pF and fails the 10.9 +/- 0.6 pF comparison
Leak reversal,-60,mV,mouse,lumbar spinal dorsal horn,II-III,model parameter,No,No,No,No,None,A/F,Not applicable,Passive fit,A/F; low,Yes,Stabilizes experimental holding condition,Experimental -60 mV was a holding potential and is not claimed as measured RMP
Leak conductance,0.0000607682831,S/cm2,mouse,lumbar spinal dorsal horn,II-III,model parameter,No,No,No,No,None,F,Not applicable,Fit to input resistance,F; moderate,Yes,Controls input resistance with native morphology,Passive Rin 225.000 MOhm; active-model probe 219.738 MOhm
Somatic fast-Na conductance,0.006,S/cm2,mouse,lumbar spinal dorsal horn,II-III,model parameter,No,No,No,No,Medlock ModelDB kinetics via existing project mechanism,F/M,23 C,Deterministic conductance sweep,F/M; low,Yes,Required for AP generation,Density is fitted; channel isoform is not identified
Somatic delayed-rectifier-K conductance,0.003,S/cm2,mouse,lumbar spinal dorsal horn,II-III,model parameter,No,No,No,No,Medlock ModelDB kinetics via existing project mechanism,F/M,23 C,Deterministic conductance sweep,F/M; low,Yes,Required for repolarization,Density is fitted; molecular identity is not established
Proximal-axon Na conductance,0.4,S/cm2,mouse,lumbar spinal dorsal horn,II-III,MODEL-DEFINED AIS proxy,No,No,No,No,Medlock ModelDB kinetics via existing project mechanism,F/M/A,23 C,30-um proximal native axon region,F/M/A; low,Yes,Enables persistent firing,Highly sensitive to -10% Na and proxy length; not an anatomically confirmed AIS
35-C active response,Model prediction,,mouse,lumbar spinal dorsal horn,II-III,model parameter,No,No,No,No,None,P,35 C,Same standardized current-clamp protocol,P; low,Yes,Network-temperature translation,No direct 35-C PV population target used
