adaptation_at_2x,ahp_relative_threshold_mv,ais_kdr_s_cm2,ais_na_s_cm2,amplitude_mv,candidate,dendrite_kdr_s_cm2,dendrite_na_s_cm2,distal_axon_kdr_s_cm2,distal_axon_na_s_cm2,frequency_hz_at_2x,half_width_ms,peak_mv,rheobase_na,score,soma_kdr_s_cm2,soma_na_s_cm2,spikes_at_2x,threshold_mv,tonic_persistence_at_2x
,-23.235135448358058,0.012,0.25,33.39713796379501,aisna_0.25_sna_0.008_sk_0.001_aisk_0.012,0.0,0.0,0.005,0.02,1.25,1.8749999999982947,-2.189710460602832,0.06,7.363349912739576,0.001,0.008,1,-35.58684842439784,0.008499999999879222
,-24.800630122249032,0.02,0.25,32.84586941918133,aisna_0.25_sna_0.008_sk_0.001_aisk_0.02,0.0,0.0,0.005,0.02,1.25,1.7249999999984311,-2.8711241914798693,0.06,7.167203819425925,0.001,0.008,1,-35.7169936106612,0.008531249999879193
,-24.383524229055695,0.012,0.25,33.09079581390398,aisna_0.25_sna_0.008_sk_0.002_aisk_0.012,0.0,0.0,0.005,0.02,1.25,1.799999999998363,-2.4072795301987284,0.06,7.227742236781248,0.002,0.008,1,-35.49807534410271,0.008499999999879222
,-25.670241639831858,0.02,0.25,32.5788134613559,aisna_0.25_sna_0.008_sk_0.002_aisk_0.02,0.0,0.0,0.005,0.02,1.25,1.6749999999984766,-3.0698389532509953,0.06,7.082186261370344,0.002,0.008,1,-35.64865241460689,0.008531249999879193
,-27.827671207844446,0.012,0.25,26.5322725344325,aisna_0.25_sna_0.014_sk_0.001_aisk_0.012,0.0,0.0,0.005,0.02,2.5,1.7749999999983856,-6.086110037797149,0.04,11.156274334076434,0.001,0.014,2,-32.61838257222965,0.059062499999833235
,-25.578179741039563,0.02,0.25,34.60942171982452,aisna_0.25_sna_0.014_sk_0.001_aisk_0.02,0.0,0.0,0.005,0.02,2.5,1.6999999999984539,-0.7166582929809586,0.06,6.688013813192203,0.001,0.014,2,-35.32608001280548,0.043031249999847816
,-29.51870169000577,0.012,0.25,24.28686632635654,aisna_0.25_sna_0.014_sk_0.002_aisk_0.012,0.0,0.0,0.005,0.02,2.5,1.6749999999984766,-7.54774437653349,0.04,11.449184363369854,0.002,0.014,2,-31.834610702890032,0.058656249999833605
,-26.024540846700916,0.02,0.25,34.79300858911209,aisna_0.25_sna_0.014_sk_0.002_aisk_0.02,0.0,0.0,0.005,0.02,2.5,1.6499999999984993,-0.9266484687643849,0.06,6.671497255127385,0.002,0.014,2,-35.719657057876475,0.04287499999984796
1.1169837914074756,-27.122519609931047,0.012,0.25,30.835770336437108,aisna_0.25_sna_0.02_sk_0.001_aisk_0.012,0.0,0.0,0.005,0.02,26.25,1.7749999999983856,-2.85054263716527,0.04,8.108004885378854,0.001,0.02,21,-33.68631297360238,0.9986250000020306
,-29.13105647622468,0.02,0.25,28.45931847454403,aisna_0.25_sna_0.02_sk_0.001_aisk_0.02,0.0,0.0,0.005,0.02,2.5,1.6499999999984993,-4.702667348711,0.04,10.526820120132802,0.001,0.02,2,-33.16198582325503,0.056468749999835595
,-28.315081202462537,0.012,0.25,29.95572198934118,aisna_0.25_sna_0.02_sk_0.002_aisk_0.012,0.0,0.0,0.005,0.02,2.5,1.7249999999984311,-3.517179209210008,0.04,10.407092945126365,0.002,0.02,2,-33.472901198551185,0.05612499999983591
,-30.56625996084245,0.02,0.25,26.57659434542854,aisna_0.25_sna_0.02_sk_0.002_aisk_0.02,0.0,0.0,0.005,0.02,2.5,1.5499999999985903,-5.858980137628953,0.04,10.758389170171757,0.002,0.02,2,-32.43557448305749,0.05624999999983579
1.0885714285763788,-26.184370956423038,0.012,0.3,31.08671418132114,aisna_0.3_sna_0.008_sk_0.001_aisk_0.012,0.0,0.0,0.005,0.02,26.25,1.799999999998363,-3.5038017926195866,0.04,7.883197635446442,0.001,0.008,21,-34.590515973940725,0.9611250000018942
,-28.025418439476226,0.02,0.3,29.319873901674274,aisna_0.3_sna_0.008_sk_0.001_aisk_0.02,0.0,0.0,0.005,0.02,2.5,1.624999999998522,-4.957467758309025,0.04,10.071400081853186,0.001,0.008,2,-34.2773416599833,0.05565624999983634
1.1058315334823505,-27.122868276229205,0.012,0.3,30.580784822132376,aisna_0.3_sna_0.008_sk_0.002_aisk_0.012,0.0,0.0,0.005,0.02,26.25,1.7249999999984311,-4.0143028817840944,0.04,7.795207954967089,0.002,0.008,21,-34.59508770391647,0.9672187500019163
,-29.28028743525902,0.02,0.3,28.049466957413703,aisna_0.3_sna_0.008_sk_0.002_aisk_0.02,0.0,0.0,0.005,0.02,2.5,1.5749999999985675,-5.671424686428065,0.04,10.280389415770108,0.002,0.008,2,-33.72089164384177,0.05553124999983645
1.0664206642114915,-26.22383842879428,0.012,0.3,33.73301944362366,aisna_0.3_sna_0.014_sk_0.001_aisk_0.012,0.0,0.0,0.005,0.02,27.5,1.7749999999983856,-1.131659181344821,0.04,7.428596456228123,0.001,0.014,22,-34.864678624968484,0.9576875000018816
1.0898292501905535,-28.220444413636123,0.02,0.3,32.12358419907512,aisna_0.3_sna_0.014_sk_0.001_aisk_0.02,0.0,0.0,0.005,0.02,27.5,1.624999999998522,-2.3169064962158403,0.04,7.44398030440245,0.001,0.014,22,-34.44049069529096,0.9713125000019311
1.0729166666715457,-27.37366024192439,0.012,0.3,33.150591236792565,aisna_0.3_sna_0.014_sk_0.002_aisk_0.012,0.0,0.0,0.005,0.02,27.5,1.6999999999984539,-1.5562472669067575,0.04,7.39389539934692,0.002,0.014,22,-34.70683850369932,0.9549687500018718
1.0976882923241564,-28.833999198378223,0.02,0.3,31.77448239810303,aisna_0.3_sna_0.014_sk_0.002_aisk_0.02,0.0,0.0,0.005,0.02,27.5,1.5749999999985675,-2.797778471159699,0.04,7.352141444223961,0.002,0.014,22,-34.57226086926273,0.9732500000019383
1.0553030303078292,-26.438214968122217,0.012,0.3,35.97268815574062,aisna_0.3_sna_0.02_sk_0.001_aisk_0.012,0.0,0.0,0.005,0.02,28.75,1.7499999999984084,1.0385055382910393,0.04,7.098331278633796,0.001,0.02,23,-34.93418261744958,0.9670312500019156
1.0663615560689226,-28.32090906859259,0.02,0.3,34.63113493038377,aisna_0.3_sna_0.02_sk_0.001_aisk_0.02,0.0,0.0,0.005,0.02,28.75,1.5999999999985448,-0.026468147220941516,0.04,7.022083129289057,0.001,0.02,23,-34.65760307760471,0.9697187500019254
1.0588685015338672,-27.45428860135481,0.012,0.3,35.607508594882034,aisna_0.3_sna_0.02_sk_0.002_aisk_0.012,0.0,0.0,0.005,0.02,28.75,1.6749999999984766,0.6542756155986363,0.04,6.9991076673118995,0.002,0.02,23,-34.9532329792834,0.9615000000018955
1.0681992337213326,-28.971033867865792,0.02,0.3,34.36506776130482,aisna_0.3_sna_0.02_sk_0.002_aisk_0.02,0.0,0.0,0.005,0.02,28.75,1.5499999999985903,-0.42470030163017003,0.04,6.919758644758174,0.002,0.02,23,-34.78976806293499,0.9665625000019139
1.047400611625558,-26.41068723582945,0.012,0.35,34.874765808971674,aisna_0.35_sna_0.008_sk_0.001_aisk_0.012,0.0,0.0,0.005,0.02,30.0,1.7249999999984311,-0.017412412304690837,0.04,7.178474423092204,0.001,0.008,24,-34.89217822127637,0.9939062500020134
1.0554272517369012,-27.98649631343698,0.02,0.35,33.94724910975712,aisna_0.35_sna_0.008_sk_0.001_aisk_0.02,0.0,0.0,0.005,0.02,30.0,1.5749999999985675,-0.9923082162782076,0.04,7.002958196308985,0.001,0.008,24,-34.93955732603533,0.9942812500020147
1.049268668211084,-27.41788409703323,0.012,0.35,34.53127840561236,aisna_0.35_sna_0.008_sk_0.002_aisk_0.012,0.0,0.0,0.005,0.02,30.0,1.6499999999984993,-0.3428973051453568,0.04,7.076257178267276,0.002,0.008,24,-34.87417571075772,0.9886875000019945
1.0564142194793018,-28.355856207026747,0.02,0.35,33.99125396889183,aisna_0.35_sna_0.008_sk_0.002_aisk_0.02,0.0,0.0,0.005,0.02,30.0,1.5499999999985903,-1.3226536648735607,0.04,7.048244210229132,0.002,0.008,24,-35.313907633765396,0.991312500002004
1.0413739266245639,-26.336114947239352,0.012,0.35,37.22042078886663,aisna_0.35_sna_0.014_sk_0.001_aisk_0.012,0.0,0.0,0.005,0.02,30.0,1.7249999999984311,1.9855212837137735,0.04,6.9733269384901275,0.001,0.014,24,-35.23489950515286,0.9683125000019203
1.0464201416255297,-28.29954870879248,0.02,0.35,35.976946998769094,aisna_0.35_sna_0.014_sk_0.001_aisk_0.02,0.0,0.0,0.005,0.02,30.0,1.5499999999985903,1.0572873515424983,0.04,6.693888892810952,0.001,0.014,24,-34.919659647226595,0.9651875000019089
1.0432730133800392,-27.293572195416687,0.012,0.35,36.97764534434182,aisna_0.35_sna_0.014_sk_0.002_aisk_0.012,0.0,0.0,0.005,0.02,30.0,1.624999999998522,1.669655685491639,0.04,6.823351987359036,0.002,0.014,24,-35.30798965885018,0.9620625000018975
1.045813586102702,-28.959602140466238,0.02,0.35,35.78189386643308,aisna_0.35_sna_0.014_sk_0.002_aisk_0.02,0.0,0.0,0.005,0.02,30.0,1.524999999998613,0.7455813058335404,0.04,6.699677087953407,0.002,0.014,24,-35.03631256059954,0.9610625000018939
1.036565977747162,-26.774888839463515,0.012,0.35,38.9349880492941,aisna_0.35_sna_0.02_sk_0.001_aisk_0.012,0.0,0.0,0.005,0.02,31.25,1.6999999999984539,3.8943236841617206,0.04,6.656711954777379,0.001,0.02,25,-35.04066436513238,0.987750000001991
1.0392628205175465,-28.333426215376846,0.02,0.35,38.144898838303746,aisna_0.35_sna_0.02_sk_0.001_aisk_0.02,0.0,0.0,0.005,0.02,31.25,1.5499999999985903,2.9924737470522422,0.04,6.485562532414287,0.001,0.02,25,-35.1524250912515,0.9825000000019719
1.037660256414975,-27.90743080395398,0.012,0.35,38.565531455873376,aisna_0.35_sna_0.02_sk_0.002_aisk_0.012,0.0,0.0,0.005,0.02,31.25,1.5999999999985448,3.589170896403844,0.04,6.485581465892078,0.002,0.02,25,-34.97636055946953,0.9805937500019649
1.039452495978962,-29.35225612536457,0.02,0.35,37.64291683917562,aisna_0.35_sna_0.02_sk_0.002_aisk_0.02,0.0,0.0,0.005,0.02,31.25,1.4999999999986358,2.7025748855422647,0.04,6.391210976023586,0.002,0.02,25,-34.94034195363336,0.9775625000019539
