variant,section,mechanism,parameter,old_value,new_value
E_CaL_and_iNaP_removed,soma[0],iCaL,pcabar_iCaL,0.000125,0.0
E_CaL_and_iNaP_removed,dend[0],iCaL,pcabar_iCaL,3.7500000000000003e-05,0.0
E_CaL_and_iNaP_removed,dend[1],iCaL,pcabar_iCaL,3.7500000000000003e-05,0.0
E_CaL_and_iNaP_removed,dend[2],iCaL,pcabar_iCaL,3.7500000000000003e-05,0.0
E_CaL_and_iNaP_removed,dend[3],iCaL,pcabar_iCaL,3.7500000000000003e-05,0.0
E_CaL_and_iNaP_removed,dend[4],iCaL,pcabar_iCaL,3.7500000000000003e-05,0.0
E_CaL_and_iNaP_removed,dend[5],iCaL,pcabar_iCaL,3.7500000000000003e-05,0.0
E_CaL_and_iNaP_removed,dend[6],iCaL,pcabar_iCaL,3.7500000000000003e-05,0.0
E_CaL_and_iNaP_removed,dend[7],iCaL,pcabar_iCaL,3.7500000000000003e-05,0.0
E_CaL_and_iNaP_removed,dend[8],iCaL,pcabar_iCaL,3.7500000000000003e-05,0.0
E_CaL_and_iNaP_removed,dend[9],iCaL,pcabar_iCaL,3.7500000000000003e-05,0.0
E_CaL_and_iNaP_removed,dend[10],iCaL,pcabar_iCaL,3.7500000000000003e-05,0.0
E_CaL_and_iNaP_removed,dend[11],iCaL,pcabar_iCaL,3.7500000000000003e-05,0.0
E_CaL_and_iNaP_removed,dend[12],iCaL,pcabar_iCaL,3.7500000000000003e-05,0.0
E_CaL_and_iNaP_removed,dend[13],iCaL,pcabar_iCaL,3.7500000000000003e-05,0.0
E_CaL_and_iNaP_removed,dend[14],iCaL,pcabar_iCaL,3.7500000000000003e-05,0.0
E_CaL_and_iNaP_removed,dend[15],iCaL,pcabar_iCaL,3.7500000000000003e-05,0.0
E_CaL_and_iNaP_removed,dend[16],iCaL,pcabar_iCaL,3.7500000000000003e-05,0.0
E_CaL_and_iNaP_removed,dend[17],iCaL,pcabar_iCaL,3.7500000000000003e-05,0.0
E_CaL_and_iNaP_removed,dend[18],iCaL,pcabar_iCaL,3.7500000000000003e-05,0.0
E_CaL_and_iNaP_removed,dend[19],iCaL,pcabar_iCaL,3.7500000000000003e-05,0.0
E_CaL_and_iNaP_removed,dend[20],iCaL,pcabar_iCaL,3.7500000000000003e-05,0.0
E_CaL_and_iNaP_removed,dend[21],iCaL,pcabar_iCaL,3.7500000000000003e-05,0.0
E_CaL_and_iNaP_removed,dend[22],iCaL,pcabar_iCaL,3.7500000000000003e-05,0.0
E_CaL_and_iNaP_removed,dend[22],iCaL,pcabar_iCaL,3.7500000000000003e-05,0.0
E_CaL_and_iNaP_removed,dend[22],iCaL,pcabar_iCaL,3.7500000000000003e-05,0.0
E_CaL_and_iNaP_removed,dend[23],iCaL,pcabar_iCaL,3.7500000000000003e-05,0.0
E_CaL_and_iNaP_removed,dend[23],iCaL,pcabar_iCaL,3.7500000000000003e-05,0.0
E_CaL_and_iNaP_removed,dend[23],iCaL,pcabar_iCaL,3.7500000000000003e-05,0.0
E_CaL_and_iNaP_removed,dend[23],iCaL,pcabar_iCaL,3.7500000000000003e-05,0.0
E_CaL_and_iNaP_removed,dend[23],iCaL,pcabar_iCaL,3.7500000000000003e-05,0.0
E_CaL_and_iNaP_removed,dend[24],iCaL,pcabar_iCaL,3.7500000000000003e-05,0.0
E_CaL_and_iNaP_removed,dend[25],iCaL,pcabar_iCaL,3.7500000000000003e-05,0.0
E_CaL_and_iNaP_removed,dend[26],iCaL,pcabar_iCaL,3.7500000000000003e-05,0.0
E_CaL_and_iNaP_removed,dend[27],iCaL,pcabar_iCaL,3.7500000000000003e-05,0.0
E_CaL_and_iNaP_removed,dend[28],iCaL,pcabar_iCaL,3.7500000000000003e-05,0.0
E_CaL_and_iNaP_removed,dend[29],iCaL,pcabar_iCaL,3.7500000000000003e-05,0.0
E_CaL_and_iNaP_removed,dend[30],iCaL,pcabar_iCaL,3.7500000000000003e-05,0.0
E_CaL_and_iNaP_removed,dend[31],iCaL,pcabar_iCaL,3.7500000000000003e-05,0.0
E_CaL_and_iNaP_removed,dend[31],iCaL,pcabar_iCaL,3.7500000000000003e-05,0.0
E_CaL_and_iNaP_removed,dend[31],iCaL,pcabar_iCaL,3.7500000000000003e-05,0.0
E_CaL_and_iNaP_removed,dend[31],iCaL,pcabar_iCaL,3.7500000000000003e-05,0.0
E_CaL_and_iNaP_removed,dend[31],iCaL,pcabar_iCaL,3.7500000000000003e-05,0.0
E_CaL_and_iNaP_removed,dend[31],iCaL,pcabar_iCaL,3.7500000000000003e-05,0.0
E_CaL_and_iNaP_removed,dend[31],iCaL,pcabar_iCaL,3.7500000000000003e-05,0.0
E_CaL_and_iNaP_removed,dend[32],iCaL,pcabar_iCaL,3.7500000000000003e-05,0.0
E_CaL_and_iNaP_removed,dend[32],iCaL,pcabar_iCaL,3.7500000000000003e-05,0.0
E_CaL_and_iNaP_removed,dend[32],iCaL,pcabar_iCaL,3.7500000000000003e-05,0.0
E_CaL_and_iNaP_removed,dend[33],iCaL,pcabar_iCaL,3.7500000000000003e-05,0.0
E_CaL_and_iNaP_removed,dend[34],iCaL,pcabar_iCaL,3.7500000000000003e-05,0.0
E_CaL_and_iNaP_removed,dend[35],iCaL,pcabar_iCaL,3.7500000000000003e-05,0.0
E_CaL_and_iNaP_removed,dend[36],iCaL,pcabar_iCaL,3.7500000000000003e-05,0.0
E_CaL_and_iNaP_removed,dend[37],iCaL,pcabar_iCaL,3.7500000000000003e-05,0.0
E_CaL_and_iNaP_removed,dend[38],iCaL,pcabar_iCaL,3.7500000000000003e-05,0.0
E_CaL_and_iNaP_removed,dend[38],iCaL,pcabar_iCaL,3.7500000000000003e-05,0.0
E_CaL_and_iNaP_removed,dend[38],iCaL,pcabar_iCaL,3.7500000000000003e-05,0.0
E_CaL_and_iNaP_removed,dend[39],iCaL,pcabar_iCaL,3.7500000000000003e-05,0.0
E_CaL_and_iNaP_removed,dend[40],iCaL,pcabar_iCaL,3.7500000000000003e-05,0.0
E_CaL_and_iNaP_removed,dend[41],iCaL,pcabar_iCaL,3.7500000000000003e-05,0.0
E_CaL_and_iNaP_removed,dend[42],iCaL,pcabar_iCaL,3.7500000000000003e-05,0.0
E_CaL_and_iNaP_removed,dend[42],iCaL,pcabar_iCaL,3.7500000000000003e-05,0.0
E_CaL_and_iNaP_removed,dend[42],iCaL,pcabar_iCaL,3.7500000000000003e-05,0.0
E_CaL_and_iNaP_removed,dend[43],iCaL,pcabar_iCaL,3.7500000000000003e-05,0.0
E_CaL_and_iNaP_removed,dend[44],iCaL,pcabar_iCaL,3.7500000000000003e-05,0.0
E_CaL_and_iNaP_removed,dend[44],iCaL,pcabar_iCaL,3.7500000000000003e-05,0.0
E_CaL_and_iNaP_removed,dend[44],iCaL,pcabar_iCaL,3.7500000000000003e-05,0.0
E_CaL_and_iNaP_removed,dend[45],iCaL,pcabar_iCaL,3.7500000000000003e-05,0.0
E_CaL_and_iNaP_removed,dend[45],iCaL,pcabar_iCaL,3.7500000000000003e-05,0.0
E_CaL_and_iNaP_removed,dend[45],iCaL,pcabar_iCaL,3.7500000000000003e-05,0.0
E_CaL_and_iNaP_removed,dend[46],iCaL,pcabar_iCaL,3.7500000000000003e-05,0.0
E_CaL_and_iNaP_removed,dend[46],iCaL,pcabar_iCaL,3.7500000000000003e-05,0.0
E_CaL_and_iNaP_removed,dend[46],iCaL,pcabar_iCaL,3.7500000000000003e-05,0.0
E_CaL_and_iNaP_removed,dend[47],iCaL,pcabar_iCaL,3.7500000000000003e-05,0.0
E_CaL_and_iNaP_removed,dend[48],iCaL,pcabar_iCaL,3.7500000000000003e-05,0.0
E_CaL_and_iNaP_removed,dend[49],iCaL,pcabar_iCaL,3.7500000000000003e-05,0.0
E_CaL_and_iNaP_removed,dend[49],iCaL,pcabar_iCaL,3.7500000000000003e-05,0.0
E_CaL_and_iNaP_removed,dend[49],iCaL,pcabar_iCaL,3.7500000000000003e-05,0.0
E_CaL_and_iNaP_removed,dend[50],iCaL,pcabar_iCaL,3.7500000000000003e-05,0.0
E_CaL_and_iNaP_removed,dend[51],iCaL,pcabar_iCaL,3.7500000000000003e-05,0.0
E_CaL_and_iNaP_removed,dend[52],iCaL,pcabar_iCaL,3.7500000000000003e-05,0.0
E_CaL_and_iNaP_removed,dend[53],iCaL,pcabar_iCaL,3.7500000000000003e-05,0.0
E_CaL_and_iNaP_removed,dend[54],iCaL,pcabar_iCaL,3.7500000000000003e-05,0.0
E_CaL_and_iNaP_removed,dend[55],iCaL,pcabar_iCaL,3.7500000000000003e-05,0.0
E_CaL_and_iNaP_removed,dend[55],iCaL,pcabar_iCaL,3.7500000000000003e-05,0.0
E_CaL_and_iNaP_removed,dend[55],iCaL,pcabar_iCaL,3.7500000000000003e-05,0.0
E_CaL_and_iNaP_removed,dend[56],iCaL,pcabar_iCaL,3.7500000000000003e-05,0.0
E_CaL_and_iNaP_removed,dend[57],iCaL,pcabar_iCaL,3.7500000000000003e-05,0.0
E_CaL_and_iNaP_removed,dend[58],iCaL,pcabar_iCaL,3.7500000000000003e-05,0.0
E_CaL_and_iNaP_removed,dend[59],iCaL,pcabar_iCaL,3.7500000000000003e-05,0.0
E_CaL_and_iNaP_removed,dend[60],iCaL,pcabar_iCaL,3.7500000000000003e-05,0.0
E_CaL_and_iNaP_removed,dend[61],iCaL,pcabar_iCaL,3.7500000000000003e-05,0.0
E_CaL_and_iNaP_removed,dend[62],iCaL,pcabar_iCaL,3.7500000000000003e-05,0.0
E_CaL_and_iNaP_removed,dend[63],iCaL,pcabar_iCaL,3.7500000000000003e-05,0.0
E_CaL_and_iNaP_removed,dend[64],iCaL,pcabar_iCaL,3.7500000000000003e-05,0.0
E_CaL_and_iNaP_removed,dend[65],iCaL,pcabar_iCaL,3.7500000000000003e-05,0.0
E_CaL_and_iNaP_removed,dend[66],iCaL,pcabar_iCaL,3.7500000000000003e-05,0.0
E_CaL_and_iNaP_removed,dend[66],iCaL,pcabar_iCaL,3.7500000000000003e-05,0.0
E_CaL_and_iNaP_removed,dend[66],iCaL,pcabar_iCaL,3.7500000000000003e-05,0.0
E_CaL_and_iNaP_removed,dend[66],iCaL,pcabar_iCaL,3.7500000000000003e-05,0.0
E_CaL_and_iNaP_removed,dend[66],iCaL,pcabar_iCaL,3.7500000000000003e-05,0.0
E_CaL_and_iNaP_removed,dend[67],iCaL,pcabar_iCaL,3.7500000000000003e-05,0.0
E_CaL_and_iNaP_removed,dend[67],iCaL,pcabar_iCaL,3.7500000000000003e-05,0.0
E_CaL_and_iNaP_removed,dend[67],iCaL,pcabar_iCaL,3.7500000000000003e-05,0.0
E_CaL_and_iNaP_removed,dend[68],iCaL,pcabar_iCaL,3.7500000000000003e-05,0.0
E_CaL_and_iNaP_removed,dend[69],iCaL,pcabar_iCaL,3.7500000000000003e-05,0.0
E_CaL_and_iNaP_removed,dend[70],iCaL,pcabar_iCaL,3.7500000000000003e-05,0.0
E_CaL_and_iNaP_removed,dend[71],iCaL,pcabar_iCaL,3.7500000000000003e-05,0.0
E_CaL_and_iNaP_removed,dend[72],iCaL,pcabar_iCaL,3.7500000000000003e-05,0.0
E_CaL_and_iNaP_removed,dend[73],iCaL,pcabar_iCaL,3.7500000000000003e-05,0.0
E_CaL_and_iNaP_removed,dend[73],iCaL,pcabar_iCaL,3.7500000000000003e-05,0.0
E_CaL_and_iNaP_removed,dend[73],iCaL,pcabar_iCaL,3.7500000000000003e-05,0.0
E_CaL_and_iNaP_removed,dend[74],iCaL,pcabar_iCaL,3.7500000000000003e-05,0.0
E_CaL_and_iNaP_removed,dend[75],iCaL,pcabar_iCaL,3.7500000000000003e-05,0.0
E_CaL_and_iNaP_removed,dend[75],iCaL,pcabar_iCaL,3.7500000000000003e-05,0.0
E_CaL_and_iNaP_removed,dend[75],iCaL,pcabar_iCaL,3.7500000000000003e-05,0.0
E_CaL_and_iNaP_removed,dend[75],iCaL,pcabar_iCaL,3.7500000000000003e-05,0.0
E_CaL_and_iNaP_removed,dend[75],iCaL,pcabar_iCaL,3.7500000000000003e-05,0.0
E_CaL_and_iNaP_removed,dend[76],iCaL,pcabar_iCaL,3.7500000000000003e-05,0.0
E_CaL_and_iNaP_removed,dend[77],iCaL,pcabar_iCaL,3.7500000000000003e-05,0.0
E_CaL_and_iNaP_removed,dend[78],iCaL,pcabar_iCaL,3.7500000000000003e-05,0.0
E_CaL_and_iNaP_removed,dend[79],iCaL,pcabar_iCaL,3.7500000000000003e-05,0.0
E_CaL_and_iNaP_removed,dend[80],iCaL,pcabar_iCaL,3.7500000000000003e-05,0.0
E_CaL_and_iNaP_removed,dend[80],iCaL,pcabar_iCaL,3.7500000000000003e-05,0.0
E_CaL_and_iNaP_removed,dend[80],iCaL,pcabar_iCaL,3.7500000000000003e-05,0.0
E_CaL_and_iNaP_removed,dend[81],iCaL,pcabar_iCaL,3.7500000000000003e-05,0.0
E_CaL_and_iNaP_removed,dend[81],iCaL,pcabar_iCaL,3.7500000000000003e-05,0.0
E_CaL_and_iNaP_removed,dend[81],iCaL,pcabar_iCaL,3.7500000000000003e-05,0.0
E_CaL_and_iNaP_removed,dend[82],iCaL,pcabar_iCaL,3.7500000000000003e-05,0.0
E_CaL_and_iNaP_removed,dend[83],iCaL,pcabar_iCaL,3.7500000000000003e-05,0.0
E_CaL_and_iNaP_removed,dend[84],iCaL,pcabar_iCaL,3.7500000000000003e-05,0.0
E_CaL_and_iNaP_removed,dend[85],iCaL,pcabar_iCaL,3.7500000000000003e-05,0.0
E_CaL_and_iNaP_removed,dend[85],iCaL,pcabar_iCaL,3.7500000000000003e-05,0.0
E_CaL_and_iNaP_removed,dend[85],iCaL,pcabar_iCaL,3.7500000000000003e-05,0.0
E_CaL_and_iNaP_removed,dend[86],iCaL,pcabar_iCaL,3.7500000000000003e-05,0.0
E_CaL_and_iNaP_removed,dend[87],iCaL,pcabar_iCaL,3.7500000000000003e-05,0.0
E_CaL_and_iNaP_removed,dend[87],iCaL,pcabar_iCaL,3.7500000000000003e-05,0.0
E_CaL_and_iNaP_removed,dend[87],iCaL,pcabar_iCaL,3.7500000000000003e-05,0.0
E_CaL_and_iNaP_removed,dend[88],iCaL,pcabar_iCaL,3.7500000000000003e-05,0.0
E_CaL_and_iNaP_removed,dend[88],iCaL,pcabar_iCaL,3.7500000000000003e-05,0.0
E_CaL_and_iNaP_removed,dend[88],iCaL,pcabar_iCaL,3.7500000000000003e-05,0.0
E_CaL_and_iNaP_removed,dend[89],iCaL,pcabar_iCaL,3.7500000000000003e-05,0.0
E_CaL_and_iNaP_removed,dend[90],iCaL,pcabar_iCaL,3.7500000000000003e-05,0.0
E_CaL_and_iNaP_removed,dend[91],iCaL,pcabar_iCaL,3.7500000000000003e-05,0.0
E_CaL_and_iNaP_removed,dend[91],iCaL,pcabar_iCaL,3.7500000000000003e-05,0.0
E_CaL_and_iNaP_removed,dend[91],iCaL,pcabar_iCaL,3.7500000000000003e-05,0.0
E_CaL_and_iNaP_removed,dend[92],iCaL,pcabar_iCaL,3.7500000000000003e-05,0.0
E_CaL_and_iNaP_removed,dend[93],iCaL,pcabar_iCaL,3.7500000000000003e-05,0.0
E_CaL_and_iNaP_removed,dend[94],iCaL,pcabar_iCaL,3.7500000000000003e-05,0.0
E_CaL_and_iNaP_removed,dend[95],iCaL,pcabar_iCaL,3.7500000000000003e-05,0.0
E_CaL_and_iNaP_removed,dend[96],iCaL,pcabar_iCaL,3.7500000000000003e-05,0.0
E_CaL_and_iNaP_removed,dend[96],iCaL,pcabar_iCaL,3.7500000000000003e-05,0.0
E_CaL_and_iNaP_removed,dend[96],iCaL,pcabar_iCaL,3.7500000000000003e-05,0.0
E_CaL_and_iNaP_removed,dend[96],iCaL,pcabar_iCaL,3.7500000000000003e-05,0.0
E_CaL_and_iNaP_removed,dend[96],iCaL,pcabar_iCaL,3.7500000000000003e-05,0.0
E_CaL_and_iNaP_removed,dend[96],iCaL,pcabar_iCaL,3.7500000000000003e-05,0.0
E_CaL_and_iNaP_removed,dend[96],iCaL,pcabar_iCaL,3.7500000000000003e-05,0.0
E_CaL_and_iNaP_removed,dend[97],iCaL,pcabar_iCaL,3.7500000000000003e-05,0.0
E_CaL_and_iNaP_removed,dend[98],iCaL,pcabar_iCaL,3.7500000000000003e-05,0.0
E_CaL_and_iNaP_removed,dend[98],iCaL,pcabar_iCaL,3.7500000000000003e-05,0.0
E_CaL_and_iNaP_removed,dend[98],iCaL,pcabar_iCaL,3.7500000000000003e-05,0.0
E_CaL_and_iNaP_removed,dend[98],iCaL,pcabar_iCaL,3.7500000000000003e-05,0.0
E_CaL_and_iNaP_removed,dend[98],iCaL,pcabar_iCaL,3.7500000000000003e-05,0.0
E_CaL_and_iNaP_removed,dend[99],iCaL,pcabar_iCaL,3.7500000000000003e-05,0.0
E_CaL_and_iNaP_removed,dend[100],iCaL,pcabar_iCaL,3.7500000000000003e-05,0.0
E_CaL_and_iNaP_removed,dend[100],iCaL,pcabar_iCaL,3.7500000000000003e-05,0.0
E_CaL_and_iNaP_removed,dend[100],iCaL,pcabar_iCaL,3.7500000000000003e-05,0.0
E_CaL_and_iNaP_removed,dend[101],iCaL,pcabar_iCaL,3.7500000000000003e-05,0.0
E_CaL_and_iNaP_removed,dend[101],iCaL,pcabar_iCaL,3.7500000000000003e-05,0.0
E_CaL_and_iNaP_removed,dend[101],iCaL,pcabar_iCaL,3.7500000000000003e-05,0.0
E_CaL_and_iNaP_removed,dend[102],iCaL,pcabar_iCaL,3.7500000000000003e-05,0.0
E_CaL_and_iNaP_removed,dend[102],iCaL,pcabar_iCaL,3.7500000000000003e-05,0.0
E_CaL_and_iNaP_removed,dend[102],iCaL,pcabar_iCaL,3.7500000000000003e-05,0.0
E_CaL_and_iNaP_removed,dend[102],iCaL,pcabar_iCaL,3.7500000000000003e-05,0.0
E_CaL_and_iNaP_removed,dend[102],iCaL,pcabar_iCaL,3.7500000000000003e-05,0.0
E_CaL_and_iNaP_removed,dend[103],iCaL,pcabar_iCaL,3.7500000000000003e-05,0.0
E_CaL_and_iNaP_removed,dend[103],iCaL,pcabar_iCaL,3.7500000000000003e-05,0.0
E_CaL_and_iNaP_removed,dend[103],iCaL,pcabar_iCaL,3.7500000000000003e-05,0.0
E_CaL_and_iNaP_removed,dend[104],iCaL,pcabar_iCaL,3.7500000000000003e-05,0.0
E_CaL_and_iNaP_removed,dend[104],iCaL,pcabar_iCaL,3.7500000000000003e-05,0.0
E_CaL_and_iNaP_removed,dend[104],iCaL,pcabar_iCaL,3.7500000000000003e-05,0.0
E_CaL_and_iNaP_removed,dend[105],iCaL,pcabar_iCaL,3.7500000000000003e-05,0.0
E_CaL_and_iNaP_removed,dend[105],iCaL,pcabar_iCaL,3.7500000000000003e-05,0.0
E_CaL_and_iNaP_removed,dend[105],iCaL,pcabar_iCaL,3.7500000000000003e-05,0.0
E_CaL_and_iNaP_removed,dend[106],iCaL,pcabar_iCaL,3.7500000000000003e-05,0.0
E_CaL_and_iNaP_removed,dend[106],iCaL,pcabar_iCaL,3.7500000000000003e-05,0.0
E_CaL_and_iNaP_removed,dend[106],iCaL,pcabar_iCaL,3.7500000000000003e-05,0.0
E_CaL_and_iNaP_removed,dend[107],iCaL,pcabar_iCaL,3.7500000000000003e-05,0.0
E_CaL_and_iNaP_removed,dend[107],iCaL,pcabar_iCaL,3.7500000000000003e-05,0.0
E_CaL_and_iNaP_removed,dend[107],iCaL,pcabar_iCaL,3.7500000000000003e-05,0.0
E_CaL_and_iNaP_removed,dend[108],iCaL,pcabar_iCaL,3.7500000000000003e-05,0.0
E_CaL_and_iNaP_removed,dend[109],iCaL,pcabar_iCaL,3.7500000000000003e-05,0.0
E_CaL_and_iNaP_removed,dend[109],iCaL,pcabar_iCaL,3.7500000000000003e-05,0.0
E_CaL_and_iNaP_removed,dend[109],iCaL,pcabar_iCaL,3.7500000000000003e-05,0.0
E_CaL_and_iNaP_removed,dend[110],iCaL,pcabar_iCaL,3.7500000000000003e-05,0.0
E_CaL_and_iNaP_removed,dend[111],iCaL,pcabar_iCaL,3.7500000000000003e-05,0.0
E_CaL_and_iNaP_removed,dend[111],iCaL,pcabar_iCaL,3.7500000000000003e-05,0.0
E_CaL_and_iNaP_removed,dend[111],iCaL,pcabar_iCaL,3.7500000000000003e-05,0.0
E_CaL_and_iNaP_removed,dend[112],iCaL,pcabar_iCaL,3.7500000000000003e-05,0.0
E_CaL_and_iNaP_removed,dend[113],iCaL,pcabar_iCaL,3.7500000000000003e-05,0.0
E_CaL_and_iNaP_removed,dend[113],iCaL,pcabar_iCaL,3.7500000000000003e-05,0.0
E_CaL_and_iNaP_removed,dend[113],iCaL,pcabar_iCaL,3.7500000000000003e-05,0.0
E_CaL_and_iNaP_removed,dend[113],iCaL,pcabar_iCaL,3.7500000000000003e-05,0.0
E_CaL_and_iNaP_removed,dend[113],iCaL,pcabar_iCaL,3.7500000000000003e-05,0.0
E_CaL_and_iNaP_removed,dend[114],iCaL,pcabar_iCaL,3.7500000000000003e-05,0.0
E_CaL_and_iNaP_removed,dend[114],iCaL,pcabar_iCaL,3.7500000000000003e-05,0.0
E_CaL_and_iNaP_removed,dend[114],iCaL,pcabar_iCaL,3.7500000000000003e-05,0.0
E_CaL_and_iNaP_removed,dend[115],iCaL,pcabar_iCaL,3.7500000000000003e-05,0.0
E_CaL_and_iNaP_removed,dend[116],iCaL,pcabar_iCaL,3.7500000000000003e-05,0.0
E_CaL_and_iNaP_removed,dend[117],iCaL,pcabar_iCaL,3.7500000000000003e-05,0.0
E_CaL_and_iNaP_removed,dend[117],iCaL,pcabar_iCaL,3.7500000000000003e-05,0.0
E_CaL_and_iNaP_removed,dend[117],iCaL,pcabar_iCaL,3.7500000000000003e-05,0.0
E_CaL_and_iNaP_removed,dend[117],iCaL,pcabar_iCaL,3.7500000000000003e-05,0.0
E_CaL_and_iNaP_removed,dend[117],iCaL,pcabar_iCaL,3.7500000000000003e-05,0.0
E_CaL_and_iNaP_removed,dend[118],iCaL,pcabar_iCaL,3.7500000000000003e-05,0.0
E_CaL_and_iNaP_removed,dend[118],iCaL,pcabar_iCaL,3.7500000000000003e-05,0.0
E_CaL_and_iNaP_removed,dend[118],iCaL,pcabar_iCaL,3.7500000000000003e-05,0.0
E_CaL_and_iNaP_removed,dend[119],iCaL,pcabar_iCaL,3.7500000000000003e-05,0.0
E_CaL_and_iNaP_removed,dend[120],iCaL,pcabar_iCaL,3.7500000000000003e-05,0.0
E_CaL_and_iNaP_removed,dend[120],iCaL,pcabar_iCaL,3.7500000000000003e-05,0.0
E_CaL_and_iNaP_removed,dend[120],iCaL,pcabar_iCaL,3.7500000000000003e-05,0.0
E_CaL_and_iNaP_removed,dend[121],iCaL,pcabar_iCaL,3.7500000000000003e-05,0.0
E_CaL_and_iNaP_removed,dend[121],iCaL,pcabar_iCaL,3.7500000000000003e-05,0.0
E_CaL_and_iNaP_removed,dend[121],iCaL,pcabar_iCaL,3.7500000000000003e-05,0.0
E_CaL_and_iNaP_removed,dend[122],iCaL,pcabar_iCaL,3.7500000000000003e-05,0.0
E_CaL_and_iNaP_removed,dend[122],iCaL,pcabar_iCaL,3.7500000000000003e-05,0.0
E_CaL_and_iNaP_removed,dend[122],iCaL,pcabar_iCaL,3.7500000000000003e-05,0.0
E_CaL_and_iNaP_removed,dend[122],iCaL,pcabar_iCaL,3.7500000000000003e-05,0.0
E_CaL_and_iNaP_removed,dend[122],iCaL,pcabar_iCaL,3.7500000000000003e-05,0.0
E_CaL_and_iNaP_removed,dend[123],iCaL,pcabar_iCaL,3.7500000000000003e-05,0.0
E_CaL_and_iNaP_removed,dend[123],iCaL,pcabar_iCaL,3.7500000000000003e-05,0.0
E_CaL_and_iNaP_removed,dend[123],iCaL,pcabar_iCaL,3.7500000000000003e-05,0.0
E_CaL_and_iNaP_removed,dend[124],iCaL,pcabar_iCaL,3.7500000000000003e-05,0.0
E_CaL_and_iNaP_removed,dend[125],iCaL,pcabar_iCaL,3.7500000000000003e-05,0.0
E_CaL_and_iNaP_removed,dend[125],iCaL,pcabar_iCaL,3.7500000000000003e-05,0.0
E_CaL_and_iNaP_removed,dend[125],iCaL,pcabar_iCaL,3.7500000000000003e-05,0.0
E_CaL_and_iNaP_removed,dend[125],iCaL,pcabar_iCaL,3.7500000000000003e-05,0.0
E_CaL_and_iNaP_removed,dend[125],iCaL,pcabar_iCaL,3.7500000000000003e-05,0.0
E_CaL_and_iNaP_removed,dend[126],iCaL,pcabar_iCaL,3.7500000000000003e-05,0.0
E_CaL_and_iNaP_removed,dend[127],iCaL,pcabar_iCaL,3.7500000000000003e-05,0.0
E_CaL_and_iNaP_removed,dend[128],iCaL,pcabar_iCaL,3.7500000000000003e-05,0.0
E_CaL_and_iNaP_removed,dend[128],iCaL,pcabar_iCaL,3.7500000000000003e-05,0.0
E_CaL_and_iNaP_removed,dend[128],iCaL,pcabar_iCaL,3.7500000000000003e-05,0.0
E_CaL_and_iNaP_removed,dend[128],iCaL,pcabar_iCaL,3.7500000000000003e-05,0.0
E_CaL_and_iNaP_removed,dend[128],iCaL,pcabar_iCaL,3.7500000000000003e-05,0.0
E_CaL_and_iNaP_removed,dend[128],iCaL,pcabar_iCaL,3.7500000000000003e-05,0.0
E_CaL_and_iNaP_removed,dend[128],iCaL,pcabar_iCaL,3.7500000000000003e-05,0.0
E_CaL_and_iNaP_removed,dend[128],iCaL,pcabar_iCaL,3.7500000000000003e-05,0.0
E_CaL_and_iNaP_removed,dend[128],iCaL,pcabar_iCaL,3.7500000000000003e-05,0.0
E_CaL_and_iNaP_removed,dend[129],iCaL,pcabar_iCaL,3.7500000000000003e-05,0.0
E_CaL_and_iNaP_removed,dend[129],iCaL,pcabar_iCaL,3.7500000000000003e-05,0.0
E_CaL_and_iNaP_removed,dend[129],iCaL,pcabar_iCaL,3.7500000000000003e-05,0.0
E_CaL_and_iNaP_removed,dend[130],iCaL,pcabar_iCaL,3.7500000000000003e-05,0.0
E_CaL_and_iNaP_removed,dend[130],iCaL,pcabar_iCaL,3.7500000000000003e-05,0.0
E_CaL_and_iNaP_removed,dend[130],iCaL,pcabar_iCaL,3.7500000000000003e-05,0.0
E_CaL_and_iNaP_removed,dend[131],iCaL,pcabar_iCaL,3.7500000000000003e-05,0.0
E_CaL_and_iNaP_removed,dend[131],iCaL,pcabar_iCaL,3.7500000000000003e-05,0.0
E_CaL_and_iNaP_removed,dend[131],iCaL,pcabar_iCaL,3.7500000000000003e-05,0.0
E_CaL_and_iNaP_removed,dend[132],iCaL,pcabar_iCaL,3.7500000000000003e-05,0.0
E_CaL_and_iNaP_removed,dend[133],iCaL,pcabar_iCaL,3.7500000000000003e-05,0.0
E_CaL_and_iNaP_removed,dend[133],iCaL,pcabar_iCaL,3.7500000000000003e-05,0.0
E_CaL_and_iNaP_removed,dend[133],iCaL,pcabar_iCaL,3.7500000000000003e-05,0.0
E_CaL_and_iNaP_removed,dend[134],iCaL,pcabar_iCaL,3.7500000000000003e-05,0.0
E_CaL_and_iNaP_removed,dend[135],iCaL,pcabar_iCaL,3.7500000000000003e-05,0.0
E_CaL_and_iNaP_removed,dend[135],iCaL,pcabar_iCaL,3.7500000000000003e-05,0.0
E_CaL_and_iNaP_removed,dend[135],iCaL,pcabar_iCaL,3.7500000000000003e-05,0.0
E_CaL_and_iNaP_removed,dend[136],iCaL,pcabar_iCaL,3.7500000000000003e-05,0.0
E_CaL_and_iNaP_removed,dend[137],iCaL,pcabar_iCaL,3.7500000000000003e-05,0.0
E_CaL_and_iNaP_removed,dend[138],iCaL,pcabar_iCaL,3.7500000000000003e-05,0.0
E_CaL_and_iNaP_removed,dend[138],iCaL,pcabar_iCaL,3.7500000000000003e-05,0.0
E_CaL_and_iNaP_removed,dend[138],iCaL,pcabar_iCaL,3.7500000000000003e-05,0.0
E_CaL_and_iNaP_removed,dend[139],iCaL,pcabar_iCaL,3.7500000000000003e-05,0.0
E_CaL_and_iNaP_removed,dend[139],iCaL,pcabar_iCaL,3.7500000000000003e-05,0.0
E_CaL_and_iNaP_removed,dend[139],iCaL,pcabar_iCaL,3.7500000000000003e-05,0.0
E_CaL_and_iNaP_removed,dend[139],iCaL,pcabar_iCaL,3.7500000000000003e-05,0.0
E_CaL_and_iNaP_removed,dend[139],iCaL,pcabar_iCaL,3.7500000000000003e-05,0.0
E_CaL_and_iNaP_removed,dend[140],iCaL,pcabar_iCaL,3.7500000000000003e-05,0.0
E_CaL_and_iNaP_removed,dend[141],iCaL,pcabar_iCaL,3.7500000000000003e-05,0.0
E_CaL_and_iNaP_removed,dend[142],iCaL,pcabar_iCaL,3.7500000000000003e-05,0.0
E_CaL_and_iNaP_removed,dend[142],iCaL,pcabar_iCaL,3.7500000000000003e-05,0.0
E_CaL_and_iNaP_removed,dend[142],iCaL,pcabar_iCaL,3.7500000000000003e-05,0.0
E_CaL_and_iNaP_removed,dend[143],iCaL,pcabar_iCaL,3.7500000000000003e-05,0.0
E_CaL_and_iNaP_removed,dend[144],iCaL,pcabar_iCaL,3.7500000000000003e-05,0.0
E_CaL_and_iNaP_removed,dend[144],iCaL,pcabar_iCaL,3.7500000000000003e-05,0.0
E_CaL_and_iNaP_removed,dend[144],iCaL,pcabar_iCaL,3.7500000000000003e-05,0.0
E_CaL_and_iNaP_removed,dend[145],iCaL,pcabar_iCaL,3.7500000000000003e-05,0.0
E_CaL_and_iNaP_removed,dend[146],iCaL,pcabar_iCaL,3.7500000000000003e-05,0.0
E_CaL_and_iNaP_removed,dend[147],iCaL,pcabar_iCaL,3.7500000000000003e-05,0.0
E_CaL_and_iNaP_removed,dend[147],iCaL,pcabar_iCaL,3.7500000000000003e-05,0.0
E_CaL_and_iNaP_removed,dend[147],iCaL,pcabar_iCaL,3.7500000000000003e-05,0.0
E_CaL_and_iNaP_removed,dend[148],iCaL,pcabar_iCaL,3.7500000000000003e-05,0.0
E_CaL_and_iNaP_removed,dend[148],iCaL,pcabar_iCaL,3.7500000000000003e-05,0.0
E_CaL_and_iNaP_removed,dend[148],iCaL,pcabar_iCaL,3.7500000000000003e-05,0.0
E_CaL_and_iNaP_removed,dend[149],iCaL,pcabar_iCaL,3.7500000000000003e-05,0.0
E_CaL_and_iNaP_removed,dend[149],iCaL,pcabar_iCaL,3.7500000000000003e-05,0.0
E_CaL_and_iNaP_removed,dend[149],iCaL,pcabar_iCaL,3.7500000000000003e-05,0.0
E_CaL_and_iNaP_removed,dend[150],iCaL,pcabar_iCaL,3.7500000000000003e-05,0.0
E_CaL_and_iNaP_removed,dend[151],iCaL,pcabar_iCaL,3.7500000000000003e-05,0.0
E_CaL_and_iNaP_removed,dend[151],iCaL,pcabar_iCaL,3.7500000000000003e-05,0.0
E_CaL_and_iNaP_removed,dend[151],iCaL,pcabar_iCaL,3.7500000000000003e-05,0.0
E_CaL_and_iNaP_removed,dend[152],iCaL,pcabar_iCaL,3.7500000000000003e-05,0.0
E_CaL_and_iNaP_removed,dend[153],iCaL,pcabar_iCaL,3.7500000000000003e-05,0.0
E_CaL_and_iNaP_removed,dend[154],iCaL,pcabar_iCaL,3.7500000000000003e-05,0.0
E_CaL_and_iNaP_removed,dend[155],iCaL,pcabar_iCaL,3.7500000000000003e-05,0.0
E_CaL_and_iNaP_removed,dend[156],iCaL,pcabar_iCaL,3.7500000000000003e-05,0.0
E_CaL_and_iNaP_removed,dend[157],iCaL,pcabar_iCaL,3.7500000000000003e-05,0.0
E_CaL_and_iNaP_removed,dend[158],iCaL,pcabar_iCaL,3.7500000000000003e-05,0.0
E_CaL_and_iNaP_removed,dend[159],iCaL,pcabar_iCaL,3.7500000000000003e-05,0.0
E_CaL_and_iNaP_removed,dend[160],iCaL,pcabar_iCaL,3.7500000000000003e-05,0.0
E_CaL_and_iNaP_removed,dend[161],iCaL,pcabar_iCaL,3.7500000000000003e-05,0.0
E_CaL_and_iNaP_removed,dend[162],iCaL,pcabar_iCaL,3.7500000000000003e-05,0.0
E_CaL_and_iNaP_removed,dend[163],iCaL,pcabar_iCaL,3.7500000000000003e-05,0.0
E_CaL_and_iNaP_removed,dend[164],iCaL,pcabar_iCaL,3.7500000000000003e-05,0.0
E_CaL_and_iNaP_removed,dend[164],iCaL,pcabar_iCaL,3.7500000000000003e-05,0.0
E_CaL_and_iNaP_removed,dend[164],iCaL,pcabar_iCaL,3.7500000000000003e-05,0.0
E_CaL_and_iNaP_removed,dend[165],iCaL,pcabar_iCaL,3.7500000000000003e-05,0.0
E_CaL_and_iNaP_removed,dend[166],iCaL,pcabar_iCaL,3.7500000000000003e-05,0.0
E_CaL_and_iNaP_removed,dend[166],iCaL,pcabar_iCaL,3.7500000000000003e-05,0.0
E_CaL_and_iNaP_removed,dend[166],iCaL,pcabar_iCaL,3.7500000000000003e-05,0.0
E_CaL_and_iNaP_removed,dend[166],iCaL,pcabar_iCaL,3.7500000000000003e-05,0.0
E_CaL_and_iNaP_removed,dend[166],iCaL,pcabar_iCaL,3.7500000000000003e-05,0.0
E_CaL_and_iNaP_removed,dend[167],iCaL,pcabar_iCaL,3.7500000000000003e-05,0.0
E_CaL_and_iNaP_removed,dend[168],iCaL,pcabar_iCaL,3.7500000000000003e-05,0.0
E_CaL_and_iNaP_removed,dend[169],iCaL,pcabar_iCaL,3.7500000000000003e-05,0.0
E_CaL_and_iNaP_removed,dend[170],iCaL,pcabar_iCaL,3.7500000000000003e-05,0.0
E_CaL_and_iNaP_removed,dend[171],iCaL,pcabar_iCaL,3.7500000000000003e-05,0.0
E_CaL_and_iNaP_removed,dend[172],iCaL,pcabar_iCaL,3.7500000000000003e-05,0.0
E_CaL_and_iNaP_removed,dend[172],iCaL,pcabar_iCaL,3.7500000000000003e-05,0.0
E_CaL_and_iNaP_removed,dend[172],iCaL,pcabar_iCaL,3.7500000000000003e-05,0.0
E_CaL_and_iNaP_removed,dend[173],iCaL,pcabar_iCaL,3.7500000000000003e-05,0.0
E_CaL_and_iNaP_removed,dend[174],iCaL,pcabar_iCaL,3.7500000000000003e-05,0.0
E_CaL_and_iNaP_removed,dend[174],iCaL,pcabar_iCaL,3.7500000000000003e-05,0.0
E_CaL_and_iNaP_removed,dend[174],iCaL,pcabar_iCaL,3.7500000000000003e-05,0.0
E_CaL_and_iNaP_removed,dend[175],iCaL,pcabar_iCaL,3.7500000000000003e-05,0.0
E_CaL_and_iNaP_removed,dend[175],iCaL,pcabar_iCaL,3.7500000000000003e-05,0.0
E_CaL_and_iNaP_removed,dend[175],iCaL,pcabar_iCaL,3.7500000000000003e-05,0.0
E_CaL_and_iNaP_removed,dend[176],iCaL,pcabar_iCaL,3.7500000000000003e-05,0.0
E_CaL_and_iNaP_removed,dend[176],iCaL,pcabar_iCaL,3.7500000000000003e-05,0.0
E_CaL_and_iNaP_removed,dend[176],iCaL,pcabar_iCaL,3.7500000000000003e-05,0.0
E_CaL_and_iNaP_removed,dend[177],iCaL,pcabar_iCaL,3.7500000000000003e-05,0.0
E_CaL_and_iNaP_removed,dend[178],iCaL,pcabar_iCaL,3.7500000000000003e-05,0.0
E_CaL_and_iNaP_removed,dend[178],iCaL,pcabar_iCaL,3.7500000000000003e-05,0.0
E_CaL_and_iNaP_removed,dend[178],iCaL,pcabar_iCaL,3.7500000000000003e-05,0.0
E_CaL_and_iNaP_removed,dend[179],iCaL,pcabar_iCaL,3.7500000000000003e-05,0.0
E_CaL_and_iNaP_removed,dend[180],iCaL,pcabar_iCaL,3.7500000000000003e-05,0.0
E_CaL_and_iNaP_removed,dend[180],iCaL,pcabar_iCaL,3.7500000000000003e-05,0.0
E_CaL_and_iNaP_removed,dend[180],iCaL,pcabar_iCaL,3.7500000000000003e-05,0.0
E_CaL_and_iNaP_removed,dend[181],iCaL,pcabar_iCaL,3.7500000000000003e-05,0.0
E_CaL_and_iNaP_removed,dend[181],iCaL,pcabar_iCaL,3.7500000000000003e-05,0.0
E_CaL_and_iNaP_removed,dend[181],iCaL,pcabar_iCaL,3.7500000000000003e-05,0.0
E_CaL_and_iNaP_removed,dend[182],iCaL,pcabar_iCaL,3.7500000000000003e-05,0.0
E_CaL_and_iNaP_removed,dend[183],iCaL,pcabar_iCaL,3.7500000000000003e-05,0.0
E_CaL_and_iNaP_removed,dend[183],iCaL,pcabar_iCaL,3.7500000000000003e-05,0.0
E_CaL_and_iNaP_removed,dend[183],iCaL,pcabar_iCaL,3.7500000000000003e-05,0.0
E_CaL_and_iNaP_removed,dend[184],iCaL,pcabar_iCaL,3.7500000000000003e-05,0.0
E_CaL_and_iNaP_removed,dend[184],iCaL,pcabar_iCaL,3.7500000000000003e-05,0.0
E_CaL_and_iNaP_removed,dend[184],iCaL,pcabar_iCaL,3.7500000000000003e-05,0.0
E_CaL_and_iNaP_removed,dend[184],iCaL,pcabar_iCaL,3.7500000000000003e-05,0.0
E_CaL_and_iNaP_removed,dend[184],iCaL,pcabar_iCaL,3.7500000000000003e-05,0.0
E_CaL_and_iNaP_removed,dend[185],iCaL,pcabar_iCaL,3.7500000000000003e-05,0.0
E_CaL_and_iNaP_removed,dend[186],iCaL,pcabar_iCaL,3.7500000000000003e-05,0.0
E_CaL_and_iNaP_removed,dend[186],iCaL,pcabar_iCaL,3.7500000000000003e-05,0.0
E_CaL_and_iNaP_removed,dend[186],iCaL,pcabar_iCaL,3.7500000000000003e-05,0.0
E_CaL_and_iNaP_removed,dend[187],iCaL,pcabar_iCaL,3.7500000000000003e-05,0.0
E_CaL_and_iNaP_removed,dend[187],iCaL,pcabar_iCaL,3.7500000000000003e-05,0.0
E_CaL_and_iNaP_removed,dend[187],iCaL,pcabar_iCaL,3.7500000000000003e-05,0.0
E_CaL_and_iNaP_removed,dend[188],iCaL,pcabar_iCaL,3.7500000000000003e-05,0.0
E_CaL_and_iNaP_removed,dend[189],iCaL,pcabar_iCaL,3.7500000000000003e-05,0.0
E_CaL_and_iNaP_removed,dend[189],iCaL,pcabar_iCaL,3.7500000000000003e-05,0.0
E_CaL_and_iNaP_removed,dend[189],iCaL,pcabar_iCaL,3.7500000000000003e-05,0.0
E_CaL_and_iNaP_removed,dend[189],iCaL,pcabar_iCaL,3.7500000000000003e-05,0.0
E_CaL_and_iNaP_removed,dend[189],iCaL,pcabar_iCaL,3.7500000000000003e-05,0.0
E_CaL_and_iNaP_removed,dend[190],iCaL,pcabar_iCaL,3.7500000000000003e-05,0.0
E_CaL_and_iNaP_removed,dend[190],iCaL,pcabar_iCaL,3.7500000000000003e-05,0.0
E_CaL_and_iNaP_removed,dend[190],iCaL,pcabar_iCaL,3.7500000000000003e-05,0.0
E_CaL_and_iNaP_removed,dend[191],iCaL,pcabar_iCaL,3.7500000000000003e-05,0.0
E_CaL_and_iNaP_removed,dend[192],iCaL,pcabar_iCaL,3.7500000000000003e-05,0.0
E_CaL_and_iNaP_removed,dend[193],iCaL,pcabar_iCaL,3.7500000000000003e-05,0.0
E_CaL_and_iNaP_removed,dend[193],iCaL,pcabar_iCaL,3.7500000000000003e-05,0.0
E_CaL_and_iNaP_removed,dend[193],iCaL,pcabar_iCaL,3.7500000000000003e-05,0.0
E_CaL_and_iNaP_removed,dend[194],iCaL,pcabar_iCaL,3.7500000000000003e-05,0.0
E_CaL_and_iNaP_removed,soma[0],iNaP,gnabar_iNaP,0.0001,0.0
