BNa_scale,CaAN_scale,CaL_scale,I-10_AIS_AP_peak_mV,I-10_AIS_AP_width_ms,I-10_AIS_ISI_CV,I-10_AIS_adaptation_ratio,I-10_AIS_latency_ms,I-10_AIS_spikes,I-10_RIN_GOhm,I-10_max_AIS_mV,I-10_max_soma_mV,I-10_recovery_soma_mV,I-10_soma_spikes,I0_AIS_AP_peak_mV,I0_AIS_AP_width_ms,I0_AIS_ISI_CV,I0_AIS_adaptation_ratio,I0_AIS_latency_ms,I0_AIS_spikes,I0_RIN_GOhm,I0_max_AIS_mV,I0_max_soma_mV,I0_recovery_soma_mV,I0_soma_spikes,I100_AIS_AP_peak_mV,I100_AIS_AP_width_ms,I100_AIS_ISI_CV,I100_AIS_adaptation_ratio,I100_AIS_latency_ms,I100_AIS_spikes,I100_RIN_GOhm,I100_max_AIS_mV,I100_max_soma_mV,I100_recovery_soma_mV,I100_soma_spikes,I120_AIS_AP_peak_mV,I120_AIS_AP_width_ms,I120_AIS_ISI_CV,I120_AIS_adaptation_ratio,I120_AIS_latency_ms,I120_AIS_spikes,I120_RIN_GOhm,I120_max_AIS_mV,I120_max_soma_mV,I120_recovery_soma_mV,I120_soma_spikes,I40_AIS_AP_peak_mV,I40_AIS_AP_width_ms,I40_AIS_ISI_CV,I40_AIS_adaptation_ratio,I40_AIS_latency_ms,I40_AIS_spikes,I40_RIN_GOhm,I40_max_AIS_mV,I40_max_soma_mV,I40_recovery_soma_mV,I40_soma_spikes,I60_AIS_AP_peak_mV,I60_AIS_AP_width_ms,I60_AIS_ISI_CV,I60_AIS_adaptation_ratio,I60_AIS_latency_ms,I60_AIS_spikes,I60_RIN_GOhm,I60_max_AIS_mV,I60_max_soma_mV,I60_recovery_soma_mV,I60_soma_spikes,I80_AIS_AP_peak_mV,I80_AIS_AP_width_ms,I80_AIS_ISI_CV,I80_AIS_adaptation_ratio,I80_AIS_latency_ms,I80_AIS_spikes,I80_RIN_GOhm,I80_max_AIS_mV,I80_max_soma_mV,I80_recovery_soma_mV,I80_soma_spikes,KCa_scale,KDR_scale,iNaP_scale,score
1.45,1.25,1.25,nan,nan,nan,nan,nan,0,0.7561874301039196,-72.59154518942138,-72.5923738711673,-75.34379452705451,0,nan,nan,nan,nan,nan,0,nan,-72.20647749696032,-72.20740254991367,-72.16099247678349,0,18.677306086504363,1.5333333333330945,0.0018096263793981977,0.9965537047713107,53.54999999999728,6,nan,22.014692226952995,6.270051024407038,-73.12001208332174,6,18.883152256094558,1.5291666666664316,0.0047874401469638825,0.9880683650444839,44.25000000000574,6,nan,23.440836326765158,7.257689834049053,-72.90465598919758,6,13.788781356490256,1.5749999999985675,nan,nan,144.59999999991447,2,nan,13.969539521212296,0.8170681625594489,-72.80399213209563,2,16.67718085164597,1.562500000000341,0.0048324384432474315,1.0115354017523572,92.07499999996224,4,nan,17.65255713385194,3.313438830830844,-72.34090433375516,4,18.098853599894625,1.5549999999999955,0.002139528145957296,1.0054280779697369,67.74999999998437,5,nan,20.159855081733706,5.004657666680622,-72.44960290543321,5,0.25,0.5,1.0,793.294238669828
1.45,1.25,0.75,nan,nan,nan,nan,nan,0,0.7567895616448467,-72.62035148070653,-72.62117360466877,-75.37716294185016,0,nan,nan,nan,nan,nan,0,nan,-72.29404483823866,-72.29494789652797,-72.25685294609879,0,18.288107624856583,1.5333333333330945,0.006326448848312251,1.0166277712991763,54.19999999999669,6,nan,21.849193293997878,6.124877283715545,-73.14351117188288,6,18.47558986904729,1.5333333333331136,0.003483549185247502,1.0065380843422282,44.70000000000533,6,nan,23.313404905009925,7.137533418058264,-72.78718376543091,6,13.341653402482255,1.5749999999985675,nan,nan,148.57499999991086,2,nan,13.5126924810764,0.48786938661547097,-72.55916824301353,2,16.330081578124073,1.5687500000003354,0.008056241907401578,1.0197780020202682,93.7749999999607,4,nan,17.357800140038137,3.0807471602145973,-72.03754417652931,4,17.737069631270785,1.55,0.00850320903069204,1.02231695085532,68.72499999998348,5,nan,19.939726578580718,4.824121387556794,-72.27109521716744,5,1.5,0.45,0.75,787.9011759914179
1.15,0.75,0.75,nan,nan,nan,nan,nan,0,0.7607120237979188,-72.60714010719515,-72.60779374777364,-75.40412446589558,0,nan,nan,nan,nan,nan,0,nan,-72.25167171402829,-72.25239554023648,-72.20928091064285,0,12.533182164896045,1.6583333333330188,0.0035087358530743328,1.007920792083693,55.69999999999533,6,nan,16.51575700783328,2.8562262728942938,-72.68681859218148,6,12.718402644385902,1.6583333333330756,0.002610569025513384,0.9968414403048412,46.050000000004104,6,nan,18.09898696804767,3.9182129675509745,-66.8953607369467,6,7.685824910232687,1.7249999999984311,nan,nan,149.1999999999103,2,nan,7.91888123680331,-2.8786290363577653,-72.29601336973391,2,10.580243932268058,1.7062500000003809,0.0065491489367986615,1.0160873882843502,95.49999999995913,4,nan,11.78375548966987,-0.28925808303287476,-72.33859349811445,4,11.989682595043977,1.684999999999991,0.006102212079926205,1.01589242054105,70.37499999998198,5,nan,14.487036132363038,1.5041796846370667,-72.77730875264945,5,1.5,0.35,1.5,748.091649451784
1.25,1.25,1.0,nan,nan,nan,nan,nan,0,0.7561523619172177,-72.5904313775329,-72.5911454396806,-75.34209289263134,0,nan,nan,nan,nan,nan,0,nan,-72.20320900633536,-72.20400662904149,-72.15725616419587,0,14.683864237348045,1.6291666666664166,0.001363851907981291,0.9994364609793284,54.999999999995964,6,nan,18.493894061878123,4.068931336638018,-72.78381936278316,6,14.852722612984467,1.616666666666409,0.004994204777411859,0.9877204030241871,45.42500000000467,6,nan,20.014458530573307,5.1063713231233026,-66.56699221695155,6,9.972618348605836,1.6749999999984766,nan,nan,147.27499999991204,2,nan,10.190140364498635,-1.467561273500309,-72.44523379576022,2,12.751664192179579,1.6625000000003922,0.00679054356687925,1.0164096480845894,94.3249999999602,4,nan,13.897679949469659,1.0113796947570508,-72.51660856155304,4,14.144473230676208,1.65,0.003953769375767433,1.0102189781053281,69.49999999998278,5,nan,16.5215489388327,2.7537464661189293,-72.85747795341736,5,0.5,0.35,1.25,747.2170194350338
1.35,1.0,0.75,nan,nan,nan,nan,nan,0,0.7590305601996988,-72.63485213949541,-72.63561429646703,-75.41366350479247,0,nan,nan,nan,nan,nan,0,nan,-72.33607390626571,-72.33690474733218,-72.30217769046128,0,16.250729298005865,1.5874999999997499,0.0061256230809440815,1.0157683486281759,55.14999999999583,6,nan,20.088450100198173,5.008536604383754,-73.06960421572765,6,16.417671958262417,1.5791666666664241,0.0028983023416004924,1.0032051282064947,45.47500000000463,6,nan,21.61641167660424,6.049763611934643,-66.60655083620318,6,11.415671316331709,1.6374999999985107,nan,nan,150.89999999990874,2,nan,11.607497291617953,-0.6719548154052578,-72.3539264081884,2,14.324267399931337,1.6062500000003865,0.009460936358861876,1.0232092837157796,95.47499999995915,4,nan,15.452280170762002,1.8988664767630303,-72.38128677348892,4,15.719659899853763,1.5950000000000046,0.009252881810318293,1.0244867672550926,69.94999999998237,5,nan,18.110858116045087,3.675964184996922,-72.78090654364146,5,1.5,0.35,0.75,744.6749641630767
1.35,0.5,0.75,nan,nan,nan,nan,nan,0,0.7635381573734391,-72.65744876722513,-72.65820611766827,-75.4805564623209,0,nan,nan,nan,nan,nan,0,nan,-72.4015880934013,-72.40240383242003,-72.37279429395359,0,16.52979193743388,1.5291666666664316,0.0019669149260223024,1.0029086678340087,55.349999999995646,6,nan,20.04585537905253,4.934431714621451,-72.80536331396571,6,16.780963182725763,1.5291666666664316,0.002504357804467332,0.997055937194174,45.60000000000451,6,nan,21.594911778714547,5.999326869699192,-72.71670876833868,6,10.36198577106916,1.562499999998579,nan,nan,156.02499999990408,2,nan,10.558114430147919,-1.5265243972714049,-66.06849773545333,2,14.211753562927646,1.5687500000003354,0.0019398732995166389,1.0047571853343082,96.44999999995827,4,nan,15.190895598435386,1.6522299489224819,-72.29058441535956,4,15.863635725148223,1.5549999999999955,0.0024129316798266937,1.0059671805099957,70.32499999998203,5,nan,18.010518544741224,3.5543819570088755,-72.07165376607956,5,1.0,0.55,0.75,741.8951506362929
1.35,1.0,0.75,nan,nan,nan,nan,nan,0,0.7591400143450001,-72.65187409824016,-72.65263261068013,-75.43059475348711,0,nan,nan,nan,nan,nan,0,nan,-72.38680363124716,-72.38762274834089,-72.35750975317463,0,16.343069108750264,1.5333333333330945,0.0016473075863036835,0.9994186046550249,55.79999999999524,6,nan,19.890564491542598,4.7963032306138205,-72.64340353433447,6,16.602771297994384,1.5249999999997688,0.0029385514032290523,0.9944371727756898,45.90000000000424,6,nan,21.47080556008399,5.882641385555046,-72.54847530788723,6,9.6258040156287,1.5499999999985903,nan,nan,160.27499999990022,2,nan,9.831283888619483,-2.0650325637592575,-66.22316434506449,2,13.910996285226942,1.5562500000003467,0.0009419018316908722,1.0021674876871203,97.77499999995706,4,nan,14.894721847608485,1.4078134983739263,-72.35119804355564,4,15.64898244412998,1.55,0.0013044663895550245,1.0024807740043038,71.02499999998139,5,nan,17.798795349233306,3.37958639522781,-72.00188128993469,5,0.75,0.55,0.5,739.5518364423721
1.25,1.0,0.5,nan,nan,nan,nan,nan,0,0.7589535199872287,-72.63218952320901,-72.6328953824055,-75.40949262314001,0,nan,nan,nan,nan,nan,0,nan,-72.32933650243307,-72.33010684915908,-72.29498522853362,0,14.694370174454058,1.5416666666664203,0.0027141952006289483,0.9930394431592818,55.92499999999512,6,nan,18.20526105623024,3.767469829769299,-72.49370273229702,6,15.002164070471247,1.5333333333330945,0.0037273802399313215,0.9905104712049764,46.07500000000408,6,nan,19.820697931678087,4.871175699646321,-72.44419298640186,6,6.9347555236750384,1.562499999998579,nan,nan,161.77499999989885,2,nan,7.266528121095559,-3.7782863740985766,-66.35392484927351,2,12.051504933202013,1.5687500000003638,0.0013591249115700733,0.9968743895316545,97.74999999995708,4,nan,13.071779159985775,0.2747633869451981,-72.4412534919213,4,13.932611219066189,1.5549999999999955,0.0018696964916719808,0.9955566526811748,71.09999999998132,5,nan,16.080598289695537,2.3210971196897185,-71.91638714614395,5,0.75,0.65,1.0,738.2467017446697
1.25,1.25,0.75,nan,nan,nan,nan,nan,0,0.7563007506701496,-72.59909104615306,-72.59980331568732,-75.35117859677997,0,nan,nan,nan,nan,nan,0,nan,-72.23087240014958,-72.23166388615664,-72.18785033013832,0,14.958240852185659,1.5499999999997651,0.002019863357487482,0.9956546929354838,55.24999999999574,6,nan,18.390411684932854,3.9361954186156387,-72.62462256253598,6,15.250187821394135,1.5416666666664203,0.003440378524499976,0.9921722113511368,45.575000000004536,6,nan,19.960929625922994,5.009134866185484,-72.57982868049511,6,8.19914282805611,1.5749999999985675,nan,nan,154.94999999990506,2,nan,8.457779268407482,-2.8845034119632658,-66.09452399632809,2,12.476917272396797,1.5812500000003524,0.0007600680825812649,0.9986225895339895,95.77499999995888,4,nan,13.475669360436655,0.5939520079791178,-72.25747955985743,4,14.231728761483419,1.5649999999999864,0.0011682948769603234,0.9980222496937539,70.0249999999823,5,nan,16.332113243594467,2.541048040233294,-71.91384504444578,5,0.5,0.65,1.25,735.9073243691189
1.25,0.5,0.75,nan,nan,nan,nan,nan,0,0.763340318148434,-72.64588554432444,-72.64658881770947,-75.46749435554091,0,nan,nan,nan,nan,nan,0,nan,-72.36742604804121,-72.36818836682882,-72.33555390700569,0,14.596160389181563,1.5791666666664241,0.002434982614963761,0.9950753186597148,55.824999999995214,6,nan,18.267671548398848,3.8455079838055974,-72.54659555912129,6,14.825021267072954,1.5666666666664166,0.003989647209860355,0.9905568218830034,46.02500000000413,6,nan,19.86249702344472,4.926162617842209,-72.43787682367957,6,8.55103664772479,1.6124999999985334,nan,nan,155.62499999990445,2,nan,8.762544097138747,-2.592401291980807,-65.8232998614544,2,12.314014715016237,1.6125000000003524,0.0005684105503088274,0.9994057052320736,96.92499999995783,4,nan,13.345776305535482,0.5336936705447692,-72.0991969589058,4,13.957140722159915,1.5900000000000092,0.0012419274715735969,0.9985122737444025,70.84999999998155,5,nan,16.194591791402758,2.445590229511633,-71.84248843363602,5,0.5,0.5,1.0,732.4889462296071
1.35,1.25,0.75,nan,nan,nan,nan,nan,0,0.7568929267983306,-72.64059572672785,-72.64135663845444,-75.3972733373849,0,nan,nan,nan,nan,nan,0,nan,-72.35433834562882,-72.35516494465375,-72.32257817725963,0,16.209165913531447,1.554166666666428,0.0017921478652926936,1.0000000000038292,55.69999999999533,6,nan,19.91554805935306,4.835125675465685,-72.53569304475374,6,16.41016213875209,1.5374999999997574,0.003435393468132255,0.9934619156595303,45.82500000000431,6,nan,21.49511699081364,5.911415102087391,-72.40983782581937,6,10.391095952271222,1.5999999999985448,nan,nan,156.82499999990335,2,nan,10.565339024140362,-1.4816024560993586,-65.81308993667663,2,14.021674116940513,1.5812500000003524,0.0017108841033944763,1.0041849342390066,97.22499999995756,4,nan,15.038031998489416,1.544571464064663,-72.01562247647115,4,15.60661504296309,1.5700000000000045,0.001866375892649169,1.0039900249403975,70.82499999998157,5,nan,17.855064726193504,3.4448295242135116,-71.79215754328926,5,0.75,0.45,0.5,729.0856219328612
1.35,1.5,0.75,nan,nan,nan,nan,nan,0,0.7544615183072678,-72.61422298868901,-72.61498944960677,-75.34749222155244,0,nan,nan,nan,nan,nan,0,nan,-72.2771637869097,-72.27800822728429,-72.23892939492963,0,16.396897715463314,1.5624999999997538,0.00180635653756504,1.0005841121532826,55.12499999999585,6,nan,20.07567559806422,4.9760982793275685,-72.4667074005872,6,16.575836057160945,1.5499999999997651,0.00330058442955339,0.9937745740505536,45.42500000000467,6,nan,21.60913315826781,6.027129234948735,-72.40551483286009,6,10.979722372086451,1.5999999999985448,nan,nan,152.5999999999072,2,nan,11.160717914664584,-1.0403915196876465,-66.23740780329018,2,14.319648449144232,1.5875000000003467,0.0020490031724317978,1.0050190724775288,95.649999999959,4,nan,15.337246235432486,1.7868387170321038,-71.74684537250862,4,15.822584009967695,1.575,0.002095119937690956,1.0047583270750182,69.94999999998237,5,nan,18.06641938231097,3.621027386857573,-71.58444815129387,5,0.75,0.45,0.75,727.1032914152222
1.25,0.75,0.5,nan,nan,nan,nan,nan,0,0.7615696521721163,-72.67286293534583,-72.67356103778637,-75.47499601833792,0,nan,nan,nan,nan,nan,0,nan,-72.44737550244011,-72.44812103095661,-72.42277820534835,0,14.022147920843038,1.5749999999997613,0.003635546543279886,0.9906976744224045,56.97499999999417,6,nan,17.920163998738087,3.5435342005624704,-72.17565108281416,6,14.23381007351699,1.554166666666428,0.004994780279807705,0.9875695125948296,46.8250000000034,6,nan,19.589021341392524,4.67268920701251,-72.05759196365118,6,7.266474070980122,1.5999999999985448,nan,nan,164.3749999998965,2,nan,7.491250645335829,-3.5201596866660942,-66.11236796572933,2,11.623013281576828,1.6000000000003638,0.0018312832724994585,0.9958636990372954,100.09999999995495,4,nan,12.688695428767637,0.029594297845736545,-72.11345654410898,4,13.375219151384504,1.5850000000000137,0.0027827190119253213,0.9933035714313623,72.59999999997996,5,nan,15.731084439062775,2.0722531631095356,-71.61062847468203,5,0.25,0.45,0.5,726.6412333810664
1.25,1.5,0.75,nan,nan,nan,nan,nan,0,0.7544289194765526,-72.61807852775553,-72.61878721957437,-75.35080363920585,0,nan,nan,nan,nan,nan,0,nan,-72.28859389944228,-72.28937308956029,-72.25134259042412,0,14.148849638272742,1.6083333333330831,0.0028725323428631165,0.9942112879922994,56.099999999994964,6,nan,18.148811596122478,3.762615954060472,-72.31340245397926,6,14.283096752651174,1.5999999999997574,0.005069800759766373,0.9883306320917045,46.225000000003945,6,nan,19.758754223148678,4.845243015120703,-72.0961164451575,6,8.897772508768943,1.6749999999984766,nan,nan,154.8999999999051,2,nan,9.08737703361834,-2.295268356096831,-65.73961717093434,2,12.152582973984456,1.6500000000003752,0.000864617531318625,1.0016016016037916,97.37499999995742,4,nan,13.257739768878633,0.49931747860329756,-71.6810777656965,4,13.632370536600344,1.625,0.0013805071219603977,0.9997511199629175,71.22499999998121,5,nan,16.067856523333464,2.368008553082187,-71.59075660978175,5,0.5,0.35,0.75,719.2448468397662
1.05,1.5,0.75,nan,nan,nan,nan,nan,0,0.7538014465197207,-72.57964274571363,-72.58024360873601,-75.30732961111289,0,nan,nan,nan,nan,nan,0,nan,-72.17245035164744,-72.1731252456466,-72.12405118827321,0,10.033939352345513,1.7083333333330681,0.00375454809806291,0.9914651493640682,56.69999999999442,6,nan,14.193081614876508,1.3882833918517772,-72.22985153680845,6,10.19550330245982,1.6958333333330604,0.005764016951075639,0.9856779121591993,46.85000000000338,6,nan,15.848714947462094,2.4960445670207445,-65.26826618214628,6,4.741466319504074,1.7749999999983856,nan,nan,153.0249999999068,2,nan,4.994758665249682,-4.770646035235375,-71.95741116197378,2,7.980406194597132,1.7437500000004036,0.0009763803107167337,0.9986130374502762,97.42499999995738,4,nan,9.194651459918928,-1.925676055316388,-71.7936975714533,4,9.486110436153455,1.725,0.00211900278931261,0.9960774699710799,71.69999999998078,5,nan,12.04807898834576,-0.029169071123510217,-71.90213793503727,5,0.5,0.35,1.5,716.4902310795233
1.15,0.5,0.5,nan,nan,nan,nan,nan,0,0.763661246143512,-72.67166056243096,-72.67230285383155,-75.4950409295159,0,nan,nan,nan,nan,nan,0,nan,-72.44322537448878,-72.44391188033893,-72.41788516377498,0,11.734778210714333,1.645833333333087,0.00467428043015221,0.9881605544364802,57.52499999999367,6,nan,15.958550602933906,2.363064125285634,-72.06640652163253,6,11.88001720801808,1.6249999999997538,0.006109571740569964,0.9844458846412799,47.35000000000292,6,nan,17.66034473587669,3.5066702606204405,-71.88710669646407,6,5.78422767146943,1.6874999999984652,nan,nan,162.0499999998986,2,nan,6.005316729375858,-4.31426870572537,-65.38323935390703,2,9.558891811083395,1.6750000000003809,0.002347025846611081,0.9948514851508917,100.49999999995458,4,nan,10.71951221973333,-1.124720038752511,-71.8427658116911,4,11.176234150383014,1.65,0.0036401802662343148,0.9913387775331383,73.17499999997943,5,nan,13.739214216173455,0.886537214819085,-71.52725809691468,5,0.25,0.35,0.75,716.1530746712705
1.25,1.0,0.75,nan,nan,nan,nan,nan,0,0.7589096079676836,-72.64134360742631,-72.64204769739818,-75.4178591242072,0,nan,nan,nan,nan,nan,0,nan,-72.35622558129825,-72.35699021433639,-72.32430336233563,0,14.555293594872133,1.5374999999997574,0.002056202879795376,1.0034295513046376,56.374999999994714,6,nan,18.056677914748057,3.637775964866438,-72.95863511660698,6,14.917256184805055,1.5291666666664316,0.002168115492226772,0.9980676328514886,46.37500000000381,6,nan,19.70440959110372,4.760101462076402,-66.87459320843952,6,5.778565163049665,1.562499999998579,nan,nan,166.94999999989415,2,nan,6.219280346968438,-4.563587995665017,-66.75382178973977,2,11.7359941465795,1.5687500000003354,0.001269572933092122,1.0030822577564988,99.02499999995592,4,nan,12.780833295604676,0.04632518292773125,-72.81131486140826,4,13.722537536568723,1.55,0.0021345957303877455,1.0051119766341305,71.77499999998071,5,nan,15.885130455230591,2.159469480490286,-72.73637697339343,5,1.5,0.65,0.75,707.5140157629603
1.25,0.5,1.0,nan,nan,nan,nan,nan,0,0.7632917558344076,-72.65501655080463,-72.65571806375657,-75.47573884032532,0,nan,nan,nan,nan,nan,0,nan,-72.39419198898713,-72.39494865477243,-72.36472937656286,0,14.489312780665633,1.5666666666664166,0.001517450079317684,1.0011353959737066,56.274999999994805,6,nan,18.128129411469082,3.717397640210522,-72.85795946834952,6,14.776896245208738,1.5708333333330984,0.003372845197724539,0.9926728257420805,46.325000000003854,6,nan,19.742684633345455,4.819912431496034,-66.7131644584974,6,7.991072152625461,1.624999999998522,nan,nan,158.9749999999014,2,nan,8.216854408636259,-3.0084191013303334,-65.86732344564052,2,12.024080538109596,1.593750000000341,0.003175945451654486,1.0077821011699053,98.12499999995674,4,nan,13.079998407088166,0.3214450371435176,-72.74718248198378,4,13.764475479888555,1.5900000000000092,0.002796704151358539,1.0070508144938342,71.49999999998096,5,nan,16.00169940229876,2.291927107666838,-72.8176856354818,5,0.5,0.5,0.75,700.8350267068506
1.25,0.75,1.0,nan,nan,nan,nan,nan,0,0.7608454506603379,-72.6289548217569,-72.62966134098397,-75.42609090552166,0,nan,nan,nan,nan,nan,0,nan,-72.31784684202964,-72.31861967868667,-72.28195044200669,0,14.706702531271516,1.5625000000000095,0.0030085884637742486,1.007062146897165,55.69999999999533,6,nan,18.28395253069544,3.8476484340805897,-73.00332449237683,5,15.057570901589662,1.5624999999997726,0.002115289295162101,0.9977805960700394,45.92500000000422,6,nan,19.866203585685934,4.928929378492782,-67.21076549935317,6,8.354275574498534,1.5999999999985448,nan,nan,155.7749999999043,2,nan,8.589496775909065,-2.7488495628023446,-65.84582985576682,2,12.27352911649594,1.6000000000003638,0.005349016792439539,1.013022351800454,96.69999999995804,4,nan,13.33473524191306,0.5152130300823352,-72.91943104300147,4,13.99481288573979,1.5899999999999863,0.005253349111154443,1.0138148327710987,70.67499999998171,5,nan,16.205002532734504,2.4464066010054917,-73.10239091353799,5,0.75,0.55,1.0,699.3246337479105
1.25,1.0,1.25,nan,nan,nan,nan,nan,0,0.758333977296202,-72.61232608719023,-72.61303578568136,-75.38468851387145,0,nan,nan,nan,nan,nan,0,nan,-72.26913812192912,-72.26992135127928,-72.22928409803468,0,14.897156039787248,1.5583333333330909,0.001396475337611012,0.9977362761786464,55.624999999995396,6,nan,18.283157797410272,3.828057700555407,-72.99216329001938,6,15.249570770859014,1.5374999999997574,0.003853962510650441,0.9904519414399398,45.850000000004286,6,nan,19.873030850090085,4.915945591034023,-66.67578479883103,6,7.690135625337939,1.5749999999985675,nan,nan,157.67499999990258,2,nan,7.969670920142231,-3.2594616459748296,-66.08944848432589,2,12.251555742681278,1.5750000000003581,0.0021337468440942825,1.0052113491630037,96.69999999995804,4,nan,13.259735269347988,0.4269357501525281,-72.91739507759198,4,14.098025428662037,1.565000000000009,0.001376690927203197,1.0033865505595592,70.5749999999818,5,nan,16.190909348489285,2.412740598400945,-72.9299798821941,5,0.25,0.65,1.0,698.3092741705632
